transaction_id,source_row_index,location_id,sector_score,para_a_discrepancy_cr,para_b_discrepancy_cr,total_discrepancy_cr,discrepancy_count,money_value_cr,district_loss_score,history_score,prior_screen_flag,prior_screen_score,risk_label,label_source,risk_category,difficulty,evidence_ids,split,dataset_version,generator_version
UCIA-0000,0,23,3.89,4.18,2.5,6.68,5,3.38,2,0,1,2.4,1,uci_audit_office_post_audit_finding,planned_para_discrepancy,standard,UCIA-0000:discrepancy-count;UCIA-0000:history;UCIA-0000:money-value;UCIA-0000:para-a;UCIA-0000:para-b;UCIA-0000:prior-screen;UCIA-0000:sector,development,uci-audit-v1,1.0.0
UCIA-0001,1,6,3.89,0.0,4.83,4.83,5,0.94,2,0,0,2.0,0,uci_audit_office_post_audit_finding,not_flagged,easy,UCIA-0001:discrepancy-count;UCIA-0001:history;UCIA-0001:money-value;UCIA-0001:para-a;UCIA-0001:para-b;UCIA-0001:prior-screen;UCIA-0001:sector,development,uci-audit-v1,1.0.0
UCIA-0002,2,6,3.89,0.51,0.23,0.74,5,0.0,2,0,0,2.0,0,uci_audit_office_post_audit_finding,not_flagged,easy,UCIA-0002:discrepancy-count;UCIA-0002:history;UCIA-0002:money-value;UCIA-0002:para-a;UCIA-0002:para-b;UCIA-0002:prior-screen;UCIA-0002:sector,evaluation,uci-audit-v1,1.0.0
UCIA-0003,3,6,3.89,0.0,10.8,10.8,6,11.75,2,0,1,4.4,1,uci_audit_office_post_audit_finding,misstatement_value,standard,UCIA-0003:discrepancy-count;UCIA-0003:history;UCIA-0003:money-value;UCIA-0003:para-a;UCIA-0003:para-b;UCIA-0003:prior-screen;UCIA-0003:sector,development,uci-audit-v1,1.0.0
UCIA-0004,4,6,3.89,0.0,0.08,0.08,5,0.0,2,0,0,2.0,0,uci_audit_office_post_audit_finding,not_flagged,easy,UCIA-0004:discrepancy-count;UCIA-0004:history;UCIA-0004:money-value;UCIA-0004:para-a;UCIA-0004:para-b;UCIA-0004:prior-screen;UCIA-0004:sector,development,uci-audit-v1,1.0.0
UCIA-0005,5,6,3.89,0.0,0.83,0.83,5,2.95,2,0,0,2.0,0,uci_audit_office_post_audit_finding,not_flagged,easy,UCIA-0005:discrepancy-count;UCIA-0005:history;UCIA-0005:money-value;UCIA-0005:para-a;UCIA-0005:para-b;UCIA-0005:prior-screen;UCIA-0005:sector,development,uci-audit-v1,1.0.0
UCIA-0006,6,7,3.89,1.1,7.41,8.51,5,44.95,2,0,1,3.2,1,uci_audit_office_post_audit_finding,misstatement_value,borderline,UCIA-0006:discrepancy-count;UCIA-0006:history;UCIA-0006:money-value;UCIA-0006:para-a;UCIA-0006:para-b;UCIA-0006:prior-screen;UCIA-0006:sector,evaluation,uci-audit-v1,1.0.0
UCIA-0007,7,8,3.89,8.5,12.03,20.53,5,7.79,2,0,1,4.2,1,uci_audit_office_post_audit_finding,unplanned_para_discrepancy,standard,UCIA-0007:discrepancy-count;UCIA-0007:history;UCIA-0007:money-value;UCIA-0007:para-a;UCIA-0007:para-b;UCIA-0007:prior-screen;UCIA-0007:sector,evaluation,uci-audit-v1,1.0.0
UCIA-0008,8,8,3.89,8.4,11.05,19.45,5,7.34,2,0,1,4.2,1,uci_audit_office_post_audit_finding,unplanned_para_discrepancy,standard,UCIA-0008:discrepancy-count;UCIA-0008:history;UCIA-0008:money-value;UCIA-0008:para-a;UCIA-0008:para-b;UCIA-0008:prior-screen;UCIA-0008:sector,evaluation,uci-audit-v1,1.0.0
UCIA-0009,9,8,3.89,3.98,0.99,4.97,5,1.93,2,0,1,2.4,0,uci_audit_office_post_audit_finding,cleared_after_flag,hard,UCIA-0009:discrepancy-count;UCIA-0009:history;UCIA-0009:money-value;UCIA-0009:para-a;UCIA-0009:para-b;UCIA-0009:prior-screen;UCIA-0009:sector,evaluation,uci-audit-v1,1.0.0
UCIA-0010,10,8,3.89,5.43,10.77,16.2,5,4.42,2,0,1,3.6,1,uci_audit_office_post_audit_finding,unplanned_para_discrepancy,standard,UCIA-0010:discrepancy-count;UCIA-0010:history;UCIA-0010:money-value;UCIA-0010:para-a;UCIA-0010:para-b;UCIA-0010:prior-screen;UCIA-0010:sector,development,uci-audit-v1,1.0.0
UCIA-0011,11,8,3.89,15.38,40.14,55.52,5,0.96,2,1,1,4.0,1,uci_audit_office_post_audit_finding,unplanned_para_discrepancy,standard,UCIA-0011:discrepancy-count;UCIA-0011:history;UCIA-0011:money-value;UCIA-0011:para-a;UCIA-0011:para-b;UCIA-0011:prior-screen;UCIA-0011:sector,evaluation,uci-audit-v1,1.0.0
UCIA-0012,12,8,3.89,5.47,7.63,13.1,5,10.43,2,1,1,3.6,1,uci_audit_office_post_audit_finding,misstatement_value,standard,UCIA-0012:discrepancy-count;UCIA-0012:history;UCIA-0012:money-value;UCIA-0012:para-a;UCIA-0012:para-b;UCIA-0012:prior-screen;UCIA-0012:sector,evaluation,uci-audit-v1,1.0.0
UCIA-0013,13,8,3.89,1.09,0.35,1.44,5,0.0,2,0,1,2.2,0,uci_audit_office_post_audit_finding,cleared_after_flag,hard,UCIA-0013:discrepancy-count;UCIA-0013:history;UCIA-0013:money-value;UCIA-0013:para-a;UCIA-0013:para-b;UCIA-0013:prior-screen;UCIA-0013:sector,development,uci-audit-v1,1.0.0
UCIA-0014,14,8,3.89,0.0,0.84,0.84,5,0.007,2,0,0,2.0,0,uci_audit_office_post_audit_finding,not_flagged,easy,UCIA-0014:discrepancy-count;UCIA-0014:history;UCIA-0014:money-value;UCIA-0014:para-a;UCIA-0014:para-b;UCIA-0014:prior-screen;UCIA-0014:sector,evaluation,uci-audit-v1,1.0.0
UCIA-0015,15,13,3.89,1.95,9.01,10.96,5,9.0,2,0,1,3.0,1,uci_audit_office_post_audit_finding,unplanned_para_discrepancy,borderline,UCIA-0015:discrepancy-count;UCIA-0015:history;UCIA-0015:money-value;UCIA-0015:para-a;UCIA-0015:para-b;UCIA-0015:prior-screen;UCIA-0015:sector,development,uci-audit-v1,1.0.0
UCIA-0016,16,37,3.89,8.54,31.63,40.17,5,41.28,2,1,1,4.2,1,uci_audit_office_post_audit_finding,misstatement_value,standard,UCIA-0016:discrepancy-count;UCIA-0016:history;UCIA-0016:money-value;UCIA-0016:para-a;UCIA-0016:para-b;UCIA-0016:prior-screen;UCIA-0016:sector,development,uci-audit-v1,1.0.0
UCIA-0017,17,37,3.89,4.18,4.83,9.01,5,14.03,2,0,1,3.2,1,uci_audit_office_post_audit_finding,misstatement_value,standard,UCIA-0017:discrepancy-count;UCIA-0017:history;UCIA-0017:money-value;UCIA-0017:para-a;UCIA-0017:para-b;UCIA-0017:prior-screen;UCIA-0017:sector,evaluation,uci-audit-v1,1.0.0
UCIA-0018,18,37,3.89,1.81,1.03,2.84,5,0.0,2,0,1,2.2,0,uci_audit_office_post_audit_finding,cleared_after_flag,hard,UCIA-0018:discrepancy-count;UCIA-0018:history;UCIA-0018:money-value;UCIA-0018:para-a;UCIA-0018:para-b;UCIA-0018:prior-screen;UCIA-0018:sector,evaluation,uci-audit-v1,1.0.0
UCIA-0019,19,37,3.89,4.86,46.78,51.64,5,63.18,2,0,1,4.4,1,uci_audit_office_post_audit_finding,misstatement_value,standard,UCIA-0019:discrepancy-count;UCIA-0019:history;UCIA-0019:money-value;UCIA-0019:para-a;UCIA-0019:para-b;UCIA-0019:prior-screen;UCIA-0019:sector,evaluation,uci-audit-v1,1.0.0
UCIA-0020,20,24,3.89,6.26,14.1,20.36,5,34.24,2,1,1,4.2,1,uci_audit_office_post_audit_finding,misstatement_value,standard,UCIA-0020:discrepancy-count;UCIA-0020:history;UCIA-0020:money-value;UCIA-0020:para-a;UCIA-0020:para-b;UCIA-0020:prior-screen;UCIA-0020:sector,evaluation,uci-audit-v1,1.0.0
UCIA-0021,21,3,3.89,0.02,5.94,5.96,5,0.01,2,0,1,2.6,0,uci_audit_office_post_audit_finding,cleared_after_flag,hard,UCIA-0021:discrepancy-count;UCIA-0021:history;UCIA-0021:money-value;UCIA-0021:para-a;UCIA-0021:para-b;UCIA-0021:prior-screen;UCIA-0021:sector,evaluation,uci-audit-v1,1.0.0
UCIA-0022,22,3,3.89,5.31,22.79,28.1,5,205.19,2,1,1,4.2,1,uci_audit_office_post_audit_finding,misstatement_value,standard,UCIA-0022:discrepancy-count;UCIA-0022:history;UCIA-0022:money-value;UCIA-0022:para-a;UCIA-0022:para-b;UCIA-0022:prior-screen;UCIA-0022:sector,development,uci-audit-v1,1.0.0
UCIA-0023,23,3,3.89,0.94,0.01,0.95,5,0.1,2,0,0,2.0,0,uci_audit_office_post_audit_finding,not_flagged,borderline,UCIA-0023:discrepancy-count;UCIA-0023:history;UCIA-0023:money-value;UCIA-0023:para-a;UCIA-0023:para-b;UCIA-0023:prior-screen;UCIA-0023:sector,evaluation,uci-audit-v1,1.0.0
UCIA-0024,24,4,3.89,5.78,57.92,63.7,5,11.16,2,0,1,4.0,1,uci_audit_office_post_audit_finding,unplanned_para_discrepancy,standard,UCIA-0024:discrepancy-count;UCIA-0024:history;UCIA-0024:money-value;UCIA-0024:para-a;UCIA-0024:para-b;UCIA-0024:prior-screen;UCIA-0024:sector,evaluation,uci-audit-v1,1.0.0
UCIA-0025,25,4,3.89,7.42,2.24,9.66,5,1.25,2,0,1,2.4,1,uci_audit_office_post_audit_finding,planned_para_discrepancy,standard,UCIA-0025:discrepancy-count;UCIA-0025:history;UCIA-0025:money-value;UCIA-0025:para-a;UCIA-0025:para-b;UCIA-0025:prior-screen;UCIA-0025:sector,development,uci-audit-v1,1.0.0
UCIA-0026,26,4,3.89,0.0,1.1,1.1,5,0.007,2,0,0,2.0,0,uci_audit_office_post_audit_finding,not_flagged,easy,UCIA-0026:discrepancy-count;UCIA-0026:history;UCIA-0026:money-value;UCIA-0026:para-a;UCIA-0026:para-b;UCIA-0026:prior-screen;UCIA-0026:sector,evaluation,uci-audit-v1,1.0.0
UCIA-0027,27,14,3.89,6.85,31.76,38.61,5,1.46,2,0,1,3.6,1,uci_audit_office_post_audit_finding,unplanned_para_discrepancy,standard,UCIA-0027:discrepancy-count;UCIA-0027:history;UCIA-0027:money-value;UCIA-0027:para-a;UCIA-0027:para-b;UCIA-0027:prior-screen;UCIA-0027:sector,development,uci-audit-v1,1.0.0
UCIA-0028,28,14,3.89,0.0,1.03,1.03,5,0.0,2,0,0,2.0,0,uci_audit_office_post_audit_finding,not_flagged,easy,UCIA-0028:discrepancy-count;UCIA-0028:history;UCIA-0028:money-value;UCIA-0028:para-a;UCIA-0028:para-b;UCIA-0028:prior-screen;UCIA-0028:sector,development,uci-audit-v1,1.0.0
UCIA-0029,29,37,3.89,0.0,0.75,0.75,5,6.78,2,0,1,2.2,0,uci_audit_office_post_audit_finding,cleared_after_flag,hard,UCIA-0029:discrepancy-count;UCIA-0029:history;UCIA-0029:money-value;UCIA-0029:para-a;UCIA-0029:para-b;UCIA-0029:prior-screen;UCIA-0029:sector,development,uci-audit-v1,1.0.0
UCIA-0030,30,37,3.89,2.4,16.63,19.03,5,1.16,2,0,1,3.6,1,uci_audit_office_post_audit_finding,unplanned_para_discrepancy,standard,UCIA-0030:discrepancy-count;UCIA-0030:history;UCIA-0030:money-value;UCIA-0030:para-a;UCIA-0030:para-b;UCIA-0030:prior-screen;UCIA-0030:sector,evaluation,uci-audit-v1,1.0.0
UCIA-0031,31,5,3.89,0.0,0.05,0.05,5,152.41,2,0,1,2.4,1,uci_audit_office_post_audit_finding,misstatement_value,standard,UCIA-0031:discrepancy-count;UCIA-0031:history;UCIA-0031:money-value;UCIA-0031:para-a;UCIA-0031:para-b;UCIA-0031:prior-screen;UCIA-0031:sector,development,uci-audit-v1,1.0.0
UCIA-0032,32,5,3.89,0.0,1.76,1.76,5,1.08,2,0,0,2.0,0,uci_audit_office_post_audit_finding,not_flagged,easy,UCIA-0032:discrepancy-count;UCIA-0032:history;UCIA-0032:money-value;UCIA-0032:para-a;UCIA-0032:para-b;UCIA-0032:prior-screen;UCIA-0032:sector,development,uci-audit-v1,1.0.0
UCIA-0033,33,5,3.89,0.0,2.97,2.97,5,2.84,2,0,0,2.0,0,uci_audit_office_post_audit_finding,not_flagged,easy,UCIA-0033:discrepancy-count;UCIA-0033:history;UCIA-0033:money-value;UCIA-0033:para-a;UCIA-0033:para-b;UCIA-0033:prior-screen;UCIA-0033:sector,development,uci-audit-v1,1.0.0
UCIA-0034,34,5,3.89,0.0,0.43,0.43,5,0.0,2,0,0,2.0,0,uci_audit_office_post_audit_finding,not_flagged,easy,UCIA-0034:discrepancy-count;UCIA-0034:history;UCIA-0034:money-value;UCIA-0034:para-a;UCIA-0034:para-b;UCIA-0034:prior-screen;UCIA-0034:sector,development,uci-audit-v1,1.0.0
UCIA-0035,35,5,3.89,0.0,0.94,0.94,5,0.9,2,0,0,2.0,0,uci_audit_office_post_audit_finding,not_flagged,easy,UCIA-0035:discrepancy-count;UCIA-0035:history;UCIA-0035:money-value;UCIA-0035:para-a;UCIA-0035:para-b;UCIA-0035:prior-screen;UCIA-0035:sector,evaluation,uci-audit-v1,1.0.0
UCIA-0036,36,20,3.89,9.01,19.82,28.83,5,9.67,2,0,1,3.8,1,uci_audit_office_post_audit_finding,unplanned_para_discrepancy,standard,UCIA-0036:discrepancy-count;UCIA-0036:history;UCIA-0036:money-value;UCIA-0036:para-a;UCIA-0036:para-b;UCIA-0036:prior-screen;UCIA-0036:sector,evaluation,uci-audit-v1,1.0.0
UCIA-0037,37,19,3.89,0.0,0.05,0.05,5,0.0,2,0,0,2.0,0,uci_audit_office_post_audit_finding,not_flagged,easy,UCIA-0037:discrepancy-count;UCIA-0037:history;UCIA-0037:money-value;UCIA-0037:para-a;UCIA-0037:para-b;UCIA-0037:prior-screen;UCIA-0037:sector,evaluation,uci-audit-v1,1.0.0
UCIA-0038,38,19,3.89,11.95,30.9,42.85,5,32.68,2,0,1,4.0,1,uci_audit_office_post_audit_finding,misstatement_value,standard,UCIA-0038:discrepancy-count;UCIA-0038:history;UCIA-0038:money-value;UCIA-0038:para-a;UCIA-0038:para-b;UCIA-0038:prior-screen;UCIA-0038:sector,evaluation,uci-audit-v1,1.0.0
UCIA-0039,39,19,3.89,7.97,17.18,25.15,5,935.03,2,0,1,4.0,1,uci_audit_office_post_audit_finding,misstatement_value,standard,UCIA-0039:discrepancy-count;UCIA-0039:history;UCIA-0039:money-value;UCIA-0039:para-a;UCIA-0039:para-b;UCIA-0039:prior-screen;UCIA-0039:sector,evaluation,uci-audit-v1,1.0.0
UCIA-0040,40,19,3.89,0.0,3.71,3.71,5,29.63,2,0,1,2.4,1,uci_audit_office_post_audit_finding,misstatement_value,standard,UCIA-0040:discrepancy-count;UCIA-0040:history;UCIA-0040:money-value;UCIA-0040:para-a;UCIA-0040:para-b;UCIA-0040:prior-screen;UCIA-0040:sector,development,uci-audit-v1,1.0.0
UCIA-0041,41,19,3.89,0.62,2.02,2.64,5,0.11,2,0,0,2.0,0,uci_audit_office_post_audit_finding,not_flagged,easy,UCIA-0041:discrepancy-count;UCIA-0041:history;UCIA-0041:money-value;UCIA-0041:para-a;UCIA-0041:para-b;UCIA-0041:prior-screen;UCIA-0041:sector,development,uci-audit-v1,1.0.0
UCIA-0042,42,19,3.89,0.0,2.27,2.27,5,2.62,2,0,0,2.0,0,uci_audit_office_post_audit_finding,not_flagged,easy,UCIA-0042:discrepancy-count;UCIA-0042:history;UCIA-0042:money-value;UCIA-0042:para-a;UCIA-0042:para-b;UCIA-0042:prior-screen;UCIA-0042:sector,development,uci-audit-v1,1.0.0
UCIA-0043,43,19,3.89,0.0,0.0,0.0,5,0.0,2,0,0,2.0,0,uci_audit_office_post_audit_finding,not_flagged,easy,UCIA-0043:discrepancy-count;UCIA-0043:history;UCIA-0043:money-value;UCIA-0043:para-a;UCIA-0043:para-b;UCIA-0043:prior-screen;UCIA-0043:sector,evaluation,uci-audit-v1,1.0.0
UCIA-0044,44,19,3.89,1.32,0.0,1.32,5,0.06,2,0,1,2.2,0,uci_audit_office_post_audit_finding,cleared_after_flag,hard,UCIA-0044:discrepancy-count;UCIA-0044:history;UCIA-0044:money-value;UCIA-0044:para-a;UCIA-0044:para-b;UCIA-0044:prior-screen;UCIA-0044:sector,development,uci-audit-v1,1.0.0
UCIA-0045,45,19,3.89,0.0,1.03,1.03,5,2.43,2,0,0,2.0,0,uci_audit_office_post_audit_finding,not_flagged,easy,UCIA-0045:discrepancy-count;UCIA-0045:history;UCIA-0045:money-value;UCIA-0045:para-a;UCIA-0045:para-b;UCIA-0045:prior-screen;UCIA-0045:sector,development,uci-audit-v1,1.0.0
UCIA-0046,46,21,3.89,0.0,15.38,15.38,5,126.13,2,0,1,3.6,1,uci_audit_office_post_audit_finding,misstatement_value,standard,UCIA-0046:discrepancy-count;UCIA-0046:history;UCIA-0046:money-value;UCIA-0046:para-a;UCIA-0046:para-b;UCIA-0046:prior-screen;UCIA-0046:sector,development,uci-audit-v1,1.0.0
UCIA-0047,47,21,3.89,0.0,1.02,1.02,5,0.0,2,0,0,2.0,0,uci_audit_office_post_audit_finding,not_flagged,easy,UCIA-0047:discrepancy-count;UCIA-0047:history;UCIA-0047:money-value;UCIA-0047:para-a;UCIA-0047:para-b;UCIA-0047:prior-screen;UCIA-0047:sector,evaluation,uci-audit-v1,1.0.0
UCIA-0048,48,21,3.89,0.0,20.71,20.71,5,20.79,2,2,1,4.0,1,uci_audit_office_post_audit_finding,misstatement_value,standard,UCIA-0048:discrepancy-count;UCIA-0048:history;UCIA-0048:money-value;UCIA-0048:para-a;UCIA-0048:para-b;UCIA-0048:prior-screen;UCIA-0048:sector,evaluation,uci-audit-v1,1.0.0
UCIA-0049,49,22,3.89,2.95,6.56,9.51,5,156.92,2,0,1,3.4,1,uci_audit_office_post_audit_finding,misstatement_value,standard,UCIA-0049:discrepancy-count;UCIA-0049:history;UCIA-0049:money-value;UCIA-0049:para-a;UCIA-0049:para-b;UCIA-0049:prior-screen;UCIA-0049:sector,development,uci-audit-v1,1.0.0
UCIA-0050,50,22,3.89,1.97,2.1,4.07,5,12.29,2,0,1,3.0,1,uci_audit_office_post_audit_finding,misstatement_value,borderline,UCIA-0050:discrepancy-count;UCIA-0050:history;UCIA-0050:money-value;UCIA-0050:para-a;UCIA-0050:para-b;UCIA-0050:prior-screen;UCIA-0050:sector,development,uci-audit-v1,1.0.0
UCIA-0051,51,22,3.89,0.0,18.05,18.05,5,2.29,2,0,1,3.2,1,uci_audit_office_post_audit_finding,unplanned_para_discrepancy,standard,UCIA-0051:discrepancy-count;UCIA-0051:history;UCIA-0051:money-value;UCIA-0051:para-a;UCIA-0051:para-b;UCIA-0051:prior-screen;UCIA-0051:sector,development,uci-audit-v1,1.0.0
UCIA-0052,52,22,3.89,0.0,0.93,0.93,5,7.78,2,0,1,2.2,0,uci_audit_office_post_audit_finding,cleared_after_flag,hard,UCIA-0052:discrepancy-count;UCIA-0052:history;UCIA-0052:money-value;UCIA-0052:para-a;UCIA-0052:para-b;UCIA-0052:prior-screen;UCIA-0052:sector,development,uci-audit-v1,1.0.0
UCIA-0053,53,9,3.89,0.0,1.61,1.61,5,2.51,2,0,0,2.0,0,uci_audit_office_post_audit_finding,not_flagged,easy,UCIA-0053:discrepancy-count;UCIA-0053:history;UCIA-0053:money-value;UCIA-0053:para-a;UCIA-0053:para-b;UCIA-0053:prior-screen;UCIA-0053:sector,evaluation,uci-audit-v1,1.0.0
UCIA-0054,54,9,3.89,6.32,9.01,15.33,5,8.31,2,0,1,3.2,1,uci_audit_office_post_audit_finding,unplanned_para_discrepancy,standard,UCIA-0054:discrepancy-count;UCIA-0054:history;UCIA-0054:money-value;UCIA-0054:para-a;UCIA-0054:para-b;UCIA-0054:prior-screen;UCIA-0054:sector,evaluation,uci-audit-v1,1.0.0
UCIA-0055,55,9,3.89,0.0,1.05,1.05,5,0.16,2,0,0,2.0,0,uci_audit_office_post_audit_finding,not_flagged,easy,UCIA-0055:discrepancy-count;UCIA-0055:history;UCIA-0055:money-value;UCIA-0055:para-a;UCIA-0055:para-b;UCIA-0055:prior-screen;UCIA-0055:sector,development,uci-audit-v1,1.0.0
UCIA-0056,56,11,3.89,0.0,6.8,6.8,5,47.9,2,0,1,3.0,1,uci_audit_office_post_audit_finding,misstatement_value,standard,UCIA-0056:discrepancy-count;UCIA-0056:history;UCIA-0056:money-value;UCIA-0056:para-a;UCIA-0056:para-b;UCIA-0056:prior-screen;UCIA-0056:sector,development,uci-audit-v1,1.0.0
UCIA-0057,57,11,3.89,14.04,10.83,24.87,5,8.91,2,0,1,3.8,1,uci_audit_office_post_audit_finding,planned_para_discrepancy,standard,UCIA-0057:discrepancy-count;UCIA-0057:history;UCIA-0057:money-value;UCIA-0057:para-a;UCIA-0057:para-b;UCIA-0057:prior-screen;UCIA-0057:sector,development,uci-audit-v1,1.0.0
UCIA-0058,58,11,3.89,6.67,18.02,24.69,5,4.95,2,2,1,4.4,1,uci_audit_office_post_audit_finding,unplanned_para_discrepancy,standard,UCIA-0058:discrepancy-count;UCIA-0058:history;UCIA-0058:money-value;UCIA-0058:para-a;UCIA-0058:para-b;UCIA-0058:prior-screen;UCIA-0058:sector,development,uci-audit-v1,1.0.0
UCIA-0059,59,11,3.89,0.0,0.0,0.0,5,1.75,2,0,0,2.0,0,uci_audit_office_post_audit_finding,not_flagged,easy,UCIA-0059:discrepancy-count;UCIA-0059:history;UCIA-0059:money-value;UCIA-0059:para-a;UCIA-0059:para-b;UCIA-0059:prior-screen;UCIA-0059:sector,evaluation,uci-audit-v1,1.0.0
UCIA-0060,60,11,3.89,0.0,0.08,0.08,5,0.68,2,0,0,2.0,0,uci_audit_office_post_audit_finding,not_flagged,easy,UCIA-0060:discrepancy-count;UCIA-0060:history;UCIA-0060:money-value;UCIA-0060:para-a;UCIA-0060:para-b;UCIA-0060:prior-screen;UCIA-0060:sector,development,uci-audit-v1,1.0.0
UCIA-0061,61,11,3.89,1.26,0.05,1.31,5,0.0,2,0,1,2.2,0,uci_audit_office_post_audit_finding,cleared_after_flag,hard,UCIA-0061:discrepancy-count;UCIA-0061:history;UCIA-0061:money-value;UCIA-0061:para-a;UCIA-0061:para-b;UCIA-0061:prior-screen;UCIA-0061:sector,development,uci-audit-v1,1.0.0
UCIA-0062,62,12,3.89,0.0,0.03,0.03,5,0.06,2,0,0,2.0,0,uci_audit_office_post_audit_finding,not_flagged,easy,UCIA-0062:discrepancy-count;UCIA-0062:history;UCIA-0062:money-value;UCIA-0062:para-a;UCIA-0062:para-b;UCIA-0062:prior-screen;UCIA-0062:sector,evaluation,uci-audit-v1,1.0.0
UCIA-0063,63,12,3.89,0.0,0.79,0.79,5,15.82,2,0,1,2.4,1,uci_audit_office_post_audit_finding,misstatement_value,standard,UCIA-0063:discrepancy-count;UCIA-0063:history;UCIA-0063:money-value;UCIA-0063:para-a;UCIA-0063:para-b;UCIA-0063:prior-screen;UCIA-0063:sector,development,uci-audit-v1,1.0.0
UCIA-0064,64,12,3.89,4.76,13.03,17.79,5,0.58,2,1,1,3.8,1,uci_audit_office_post_audit_finding,unplanned_para_discrepancy,standard,UCIA-0064:discrepancy-count;UCIA-0064:history;UCIA-0064:money-value;UCIA-0064:para-a;UCIA-0064:para-b;UCIA-0064:prior-screen;UCIA-0064:sector,evaluation,uci-audit-v1,1.0.0
UCIA-0065,65,12,3.89,8.81,9.02,17.83,5,215.31,2,1,1,3.6,1,uci_audit_office_post_audit_finding,misstatement_value,standard,UCIA-0065:discrepancy-count;UCIA-0065:history;UCIA-0065:money-value;UCIA-0065:para-a;UCIA-0065:para-b;UCIA-0065:prior-screen;UCIA-0065:sector,development,uci-audit-v1,1.0.0
UCIA-0066,66,12,3.89,0.0,0.07,0.07,5,0.0,2,0,0,2.0,0,uci_audit_office_post_audit_finding,not_flagged,easy,UCIA-0066:discrepancy-count;UCIA-0066:history;UCIA-0066:money-value;UCIA-0066:para-a;UCIA-0066:para-b;UCIA-0066:prior-screen;UCIA-0066:sector,development,uci-audit-v1,1.0.0
UCIA-0067,67,12,3.89,13.92,2.2,16.12,5,0.05,2,0,1,2.4,1,uci_audit_office_post_audit_finding,planned_para_discrepancy,standard,UCIA-0067:discrepancy-count;UCIA-0067:history;UCIA-0067:money-value;UCIA-0067:para-a;UCIA-0067:para-b;UCIA-0067:prior-screen;UCIA-0067:sector,evaluation,uci-audit-v1,1.0.0
UCIA-0068,68,12,3.89,1.07,0.0,1.07,5,0.0,2,0,1,2.2,0,uci_audit_office_post_audit_finding,cleared_after_flag,hard,UCIA-0068:discrepancy-count;UCIA-0068:history;UCIA-0068:money-value;UCIA-0068:para-a;UCIA-0068:para-b;UCIA-0068:prior-screen;UCIA-0068:sector,development,uci-audit-v1,1.0.0
UCIA-0069,69,12,3.89,0.0,0.89,0.89,5,0.0,2,0,0,2.0,0,uci_audit_office_post_audit_finding,not_flagged,easy,UCIA-0069:discrepancy-count;UCIA-0069:history;UCIA-0069:money-value;UCIA-0069:para-a;UCIA-0069:para-b;UCIA-0069:prior-screen;UCIA-0069:sector,evaluation,uci-audit-v1,1.0.0
UCIA-0070,70,8,3.89,0.0,3.98,3.98,6,53.34,2,0,1,3.2,1,uci_audit_office_post_audit_finding,misstatement_value,standard,UCIA-0070:discrepancy-count;UCIA-0070:history;UCIA-0070:money-value;UCIA-0070:para-a;UCIA-0070:para-b;UCIA-0070:prior-screen;UCIA-0070:sector,evaluation,uci-audit-v1,1.0.0
UCIA-0071,71,8,3.89,10.0,74.26,84.26,5,11.16,2,3,1,4.8,1,uci_audit_office_post_audit_finding,unplanned_para_discrepancy,standard,UCIA-0071:discrepancy-count;UCIA-0071:history;UCIA-0071:money-value;UCIA-0071:para-a;UCIA-0071:para-b;UCIA-0071:prior-screen;UCIA-0071:sector,evaluation,uci-audit-v1,1.0.0
UCIA-0072,72,29,3.89,4.24,8.06,12.3,5,10.69,2,0,1,3.4,1,uci_audit_office_post_audit_finding,misstatement_value,standard,UCIA-0072:discrepancy-count;UCIA-0072:history;UCIA-0072:money-value;UCIA-0072:para-a;UCIA-0072:para-b;UCIA-0072:prior-screen;UCIA-0072:sector,development,uci-audit-v1,1.0.0
UCIA-0073,73,29,3.89,12.27,72.46,84.73,5,5.69,2,0,1,3.8,1,uci_audit_office_post_audit_finding,unplanned_para_discrepancy,standard,UCIA-0073:discrepancy-count;UCIA-0073:history;UCIA-0073:money-value;UCIA-0073:para-a;UCIA-0073:para-b;UCIA-0073:prior-screen;UCIA-0073:sector,evaluation,uci-audit-v1,1.0.0
UCIA-0074,74,29,3.89,0.0,0.96,0.96,5,1.35,2,0,0,2.0,0,uci_audit_office_post_audit_finding,not_flagged,easy,UCIA-0074:discrepancy-count;UCIA-0074:history;UCIA-0074:money-value;UCIA-0074:para-a;UCIA-0074:para-b;UCIA-0074:prior-screen;UCIA-0074:sector,development,uci-audit-v1,1.0.0
UCIA-0075,75,30,3.89,12.7,1.28,13.98,5,11.69,2,0,1,2.8,1,uci_audit_office_post_audit_finding,planned_para_discrepancy,standard,UCIA-0075:discrepancy-count;UCIA-0075:history;UCIA-0075:money-value;UCIA-0075:para-a;UCIA-0075:para-b;UCIA-0075:prior-screen;UCIA-0075:sector,development,uci-audit-v1,1.0.0
UCIA-0076,76,38,3.89,0.0,63.13,63.13,5,14.6,2,1,1,3.8,1,uci_audit_office_post_audit_finding,unplanned_para_discrepancy,standard,UCIA-0076:discrepancy-count;UCIA-0076:history;UCIA-0076:money-value;UCIA-0076:para-a;UCIA-0076:para-b;UCIA-0076:prior-screen;UCIA-0076:sector,evaluation,uci-audit-v1,1.0.0
UCIA-0077,77,31,3.89,1.99,10.24,12.23,5,20.78,2,0,1,3.8,1,uci_audit_office_post_audit_finding,misstatement_value,borderline,UCIA-0077:discrepancy-count;UCIA-0077:history;UCIA-0077:money-value;UCIA-0077:para-a;UCIA-0077:para-b;UCIA-0077:prior-screen;UCIA-0077:sector,evaluation,uci-audit-v1,1.0.0
UCIA-0078,78,2,3.89,0.05,0.21,0.26,5,102.22,2,0,1,2.8,1,uci_audit_office_post_audit_finding,misstatement_value,standard,UCIA-0078:discrepancy-count;UCIA-0078:history;UCIA-0078:money-value;UCIA-0078:para-a;UCIA-0078:para-b;UCIA-0078:prior-screen;UCIA-0078:sector,development,uci-audit-v1,1.0.0
UCIA-0079,79,2,3.89,0.0,7.37,7.37,5,0.74,2,0,1,2.6,0,uci_audit_office_post_audit_finding,cleared_after_flag,hard,UCIA-0079:discrepancy-count;UCIA-0079:history;UCIA-0079:money-value;UCIA-0079:para-a;UCIA-0079:para-b;UCIA-0079:prior-screen;UCIA-0079:sector,evaluation,uci-audit-v1,1.0.0
UCIA-0080,80,2,3.89,0.0,3.72,3.72,5,0.0,2,9,1,2.4,1,uci_audit_office_post_audit_finding,historical_record,standard,UCIA-0080:discrepancy-count;UCIA-0080:history;UCIA-0080:money-value;UCIA-0080:para-a;UCIA-0080:para-b;UCIA-0080:prior-screen;UCIA-0080:sector,development,uci-audit-v1,1.0.0
UCIA-0081,81,2,3.89,71.48,25.63,97.11,5,873.37,2,0,1,4.0,1,uci_audit_office_post_audit_finding,misstatement_value,standard,UCIA-0081:discrepancy-count;UCIA-0081:history;UCIA-0081:money-value;UCIA-0081:para-a;UCIA-0081:para-b;UCIA-0081:prior-screen;UCIA-0081:sector,evaluation,uci-audit-v1,1.0.0
UCIA-0082,82,2,3.89,0.0,0.0,0.0,5,0.0,2,0,0,2.0,0,uci_audit_office_post_audit_finding,not_flagged,easy,UCIA-0082:discrepancy-count;UCIA-0082:history;UCIA-0082:money-value;UCIA-0082:para-a;UCIA-0082:para-b;UCIA-0082:prior-screen;UCIA-0082:sector,development,uci-audit-v1,1.0.0
UCIA-0083,83,2,3.89,0.74,1.0,1.74,5,0.0,2,0,0,2.0,0,uci_audit_office_post_audit_finding,not_flagged,borderline,UCIA-0083:discrepancy-count;UCIA-0083:history;UCIA-0083:money-value;UCIA-0083:para-a;UCIA-0083:para-b;UCIA-0083:prior-screen;UCIA-0083:sector,development,uci-audit-v1,1.0.0
UCIA-0084,84,2,3.89,0.0,0.58,0.58,5,0.0,2,0,0,2.0,0,uci_audit_office_post_audit_finding,not_flagged,easy,UCIA-0084:discrepancy-count;UCIA-0084:history;UCIA-0084:money-value;UCIA-0084:para-a;UCIA-0084:para-b;UCIA-0084:prior-screen;UCIA-0084:sector,evaluation,uci-audit-v1,1.0.0
UCIA-0085,85,9,3.89,8.46,72.76,81.22,5,1.4,2,2,1,4.2,1,uci_audit_office_post_audit_finding,unplanned_para_discrepancy,standard,UCIA-0085:discrepancy-count;UCIA-0085:history;UCIA-0085:money-value;UCIA-0085:para-a;UCIA-0085:para-b;UCIA-0085:prior-screen;UCIA-0085:sector,evaluation,uci-audit-v1,1.0.0
UCIA-0086,86,9,3.89,0.42,0.07,0.49,5,0.42,2,0,0,2.0,0,uci_audit_office_post_audit_finding,not_flagged,easy,UCIA-0086:discrepancy-count;UCIA-0086:history;UCIA-0086:money-value;UCIA-0086:para-a;UCIA-0086:para-b;UCIA-0086:prior-screen;UCIA-0086:sector,evaluation,uci-audit-v1,1.0.0
UCIA-0087,87,32,3.89,0.01,1.29,1.3,5,36.52,4,0,1,3.0,1,uci_audit_office_post_audit_finding,misstatement_value,standard,UCIA-0087:discrepancy-count;UCIA-0087:history;UCIA-0087:money-value;UCIA-0087:para-a;UCIA-0087:para-b;UCIA-0087:prior-screen;UCIA-0087:sector,development,uci-audit-v1,1.0.0
UCIA-0088,88,32,3.89,6.85,65.93,72.78,5,6.02,4,0,1,4.4,1,uci_audit_office_post_audit_finding,unplanned_para_discrepancy,standard,UCIA-0088:discrepancy-count;UCIA-0088:history;UCIA-0088:money-value;UCIA-0088:para-a;UCIA-0088:para-b;UCIA-0088:prior-screen;UCIA-0088:sector,development,uci-audit-v1,1.0.0
UCIA-0089,89,32,3.89,5.37,8.62,13.99,5,17.16,4,0,1,3.6,1,uci_audit_office_post_audit_finding,misstatement_value,standard,UCIA-0089:discrepancy-count;UCIA-0089:history;UCIA-0089:money-value;UCIA-0089:para-a;UCIA-0089:para-b;UCIA-0089:prior-screen;UCIA-0089:sector,evaluation,uci-audit-v1,1.0.0
UCIA-0090,90,32,3.89,4.93,6.54,11.47,5,12.91,4,0,1,4.0,1,uci_audit_office_post_audit_finding,misstatement_value,standard,UCIA-0090:discrepancy-count;UCIA-0090:history;UCIA-0090:money-value;UCIA-0090:para-a;UCIA-0090:para-b;UCIA-0090:prior-screen;UCIA-0090:sector,development,uci-audit-v1,1.0.0
UCIA-0091,91,32,3.89,1.22,0.06,1.28,5,0.0,4,0,1,2.4,0,uci_audit_office_post_audit_finding,cleared_after_flag,hard,UCIA-0091:discrepancy-count;UCIA-0091:history;UCIA-0091:money-value;UCIA-0091:para-a;UCIA-0091:para-b;UCIA-0091:prior-screen;UCIA-0091:sector,evaluation,uci-audit-v1,1.0.0
UCIA-0092,92,32,3.89,0.0,0.85,0.85,5,0.0,4,0,1,2.2,0,uci_audit_office_post_audit_finding,cleared_after_flag,hard,UCIA-0092:discrepancy-count;UCIA-0092:history;UCIA-0092:money-value;UCIA-0092:para-a;UCIA-0092:para-b;UCIA-0092:prior-screen;UCIA-0092:sector,development,uci-audit-v1,1.0.0
UCIA-0093,93,16,3.89,15.72,57.94,73.66,6,10.79,6,0,1,5.2,1,uci_audit_office_post_audit_finding,unplanned_para_discrepancy,standard,UCIA-0093:discrepancy-count;UCIA-0093:history;UCIA-0093:money-value;UCIA-0093:para-a;UCIA-0093:para-b;UCIA-0093:prior-screen;UCIA-0093:sector,development,uci-audit-v1,1.0.0
UCIA-0094,94,16,3.89,4.95,42.61,47.56,5,3.46,6,1,1,4.2,1,uci_audit_office_post_audit_finding,unplanned_para_discrepancy,standard,UCIA-0094:discrepancy-count;UCIA-0094:history;UCIA-0094:money-value;UCIA-0094:para-a;UCIA-0094:para-b;UCIA-0094:prior-screen;UCIA-0094:sector,development,uci-audit-v1,1.0.0
UCIA-0095,95,16,3.89,0.0,0.08,0.08,5,0.06,6,0,1,2.4,1,uci_audit_office_post_audit_finding,historical_record,standard,UCIA-0095:discrepancy-count;UCIA-0095:history;UCIA-0095:money-value;UCIA-0095:para-a;UCIA-0095:para-b;UCIA-0095:prior-screen;UCIA-0095:sector,development,uci-audit-v1,1.0.0
UCIA-0096,96,16,3.89,1.19,12.88,14.07,5,2.33,6,0,1,3.8,1,uci_audit_office_post_audit_finding,unplanned_para_discrepancy,borderline,UCIA-0096:discrepancy-count;UCIA-0096:history;UCIA-0096:money-value;UCIA-0096:para-a;UCIA-0096:para-b;UCIA-0096:prior-screen;UCIA-0096:sector,evaluation,uci-audit-v1,1.0.0
UCIA-0097,97,16,3.89,0.0,2.72,2.72,5,5.58,6,0,1,2.6,1,uci_audit_office_post_audit_finding,historical_record,standard,UCIA-0097:discrepancy-count;UCIA-0097:history;UCIA-0097:money-value;UCIA-0097:para-a;UCIA-0097:para-b;UCIA-0097:prior-screen;UCIA-0097:sector,evaluation,uci-audit-v1,1.0.0
UCIA-0098,98,16,3.89,0.0,1.66,1.66,5,0.76,6,0,1,2.4,1,uci_audit_office_post_audit_finding,historical_record,standard,UCIA-0098:discrepancy-count;UCIA-0098:history;UCIA-0098:money-value;UCIA-0098:para-a;UCIA-0098:para-b;UCIA-0098:prior-screen;UCIA-0098:sector,development,uci-audit-v1,1.0.0
UCIA-0099,99,16,3.89,6.47,12.18,18.65,5,25.27,6,0,1,4.4,1,uci_audit_office_post_audit_finding,misstatement_value,standard,UCIA-0099:discrepancy-count;UCIA-0099:history;UCIA-0099:money-value;UCIA-0099:para-a;UCIA-0099:para-b;UCIA-0099:prior-screen;UCIA-0099:sector,development,uci-audit-v1,1.0.0
UCIA-0100,100,16,3.89,1.33,0.0,1.33,5,0.2,6,0,1,2.6,1,uci_audit_office_post_audit_finding,historical_record,borderline,UCIA-0100:discrepancy-count;UCIA-0100:history;UCIA-0100:money-value;UCIA-0100:para-a;UCIA-0100:para-b;UCIA-0100:prior-screen;UCIA-0100:sector,development,uci-audit-v1,1.0.0
UCIA-0101,101,16,3.89,0.0,1.1,1.1,5,0.0,6,0,1,2.4,1,uci_audit_office_post_audit_finding,historical_record,standard,UCIA-0101:discrepancy-count;UCIA-0101:history;UCIA-0101:money-value;UCIA-0101:para-a;UCIA-0101:para-b;UCIA-0101:prior-screen;UCIA-0101:sector,evaluation,uci-audit-v1,1.0.0
UCIA-0102,102,33,3.89,2.57,4.49,7.06,5,7.56,2,1,1,2.8,1,uci_audit_office_post_audit_finding,misstatement_value,standard,UCIA-0102:discrepancy-count;UCIA-0102:history;UCIA-0102:money-value;UCIA-0102:para-a;UCIA-0102:para-b;UCIA-0102:prior-screen;UCIA-0102:sector,evaluation,uci-audit-v1,1.0.0
UCIA-0103,103,15,3.89,0.0,1.88,1.88,5,0.0,2,0,0,2.0,0,uci_audit_office_post_audit_finding,not_flagged,easy,UCIA-0103:discrepancy-count;UCIA-0103:history;UCIA-0103:money-value;UCIA-0103:para-a;UCIA-0103:para-b;UCIA-0103:prior-screen;UCIA-0103:sector,evaluation,uci-audit-v1,1.0.0
UCIA-0104,104,15,3.89,0.77,18.31,19.08,5,67.03,2,0,1,3.6,1,uci_audit_office_post_audit_finding,misstatement_value,borderline,UCIA-0104:discrepancy-count;UCIA-0104:history;UCIA-0104:money-value;UCIA-0104:para-a;UCIA-0104:para-b;UCIA-0104:prior-screen;UCIA-0104:sector,development,uci-audit-v1,1.0.0
UCIA-0105,105,15,3.89,5.23,5.89,11.12,5,19.4,2,0,1,3.4,1,uci_audit_office_post_audit_finding,misstatement_value,standard,UCIA-0105:discrepancy-count;UCIA-0105:history;UCIA-0105:money-value;UCIA-0105:para-a;UCIA-0105:para-b;UCIA-0105:prior-screen;UCIA-0105:sector,development,uci-audit-v1,1.0.0
UCIA-0106,106,15,3.89,6.59,23.66,30.25,5,34.83,2,1,1,4.2,1,uci_audit_office_post_audit_finding,misstatement_value,standard,UCIA-0106:discrepancy-count;UCIA-0106:history;UCIA-0106:money-value;UCIA-0106:para-a;UCIA-0106:para-b;UCIA-0106:prior-screen;UCIA-0106:sector,development,uci-audit-v1,1.0.0
UCIA-0107,107,15,3.89,7.18,14.63,21.81,5,98.75,2,0,1,4.0,1,uci_audit_office_post_audit_finding,misstatement_value,standard,UCIA-0107:discrepancy-count;UCIA-0107:history;UCIA-0107:money-value;UCIA-0107:para-a;UCIA-0107:para-b;UCIA-0107:prior-screen;UCIA-0107:sector,evaluation,uci-audit-v1,1.0.0
UCIA-0108,108,15,3.89,1.0,0.0,1.0,5,0.36,2,0,1,2.2,0,uci_audit_office_post_audit_finding,cleared_after_flag,hard,UCIA-0108:discrepancy-count;UCIA-0108:history;UCIA-0108:money-value;UCIA-0108:para-a;UCIA-0108:para-b;UCIA-0108:prior-screen;UCIA-0108:sector,development,uci-audit-v1,1.0.0
UCIA-0109,109,13,3.89,0.0,0.06,0.06,5,0.0,2,0,0,2.0,0,uci_audit_office_post_audit_finding,not_flagged,easy,UCIA-0109:discrepancy-count;UCIA-0109:history;UCIA-0109:money-value;UCIA-0109:para-a;UCIA-0109:para-b;UCIA-0109:prior-screen;UCIA-0109:sector,evaluation,uci-audit-v1,1.0.0
UCIA-0110,110,13,3.89,2.63,2.55,5.18,5,0.0,2,0,1,2.4,0,uci_audit_office_post_audit_finding,cleared_after_flag,hard,UCIA-0110:discrepancy-count;UCIA-0110:history;UCIA-0110:money-value;UCIA-0110:para-a;UCIA-0110:para-b;UCIA-0110:prior-screen;UCIA-0110:sector,development,uci-audit-v1,1.0.0
UCIA-0111,111,13,3.89,0.0,0.87,0.87,5,0.0,2,0,0,2.0,0,uci_audit_office_post_audit_finding,not_flagged,easy,UCIA-0111:discrepancy-count;UCIA-0111:history;UCIA-0111:money-value;UCIA-0111:para-a;UCIA-0111:para-b;UCIA-0111:prior-screen;UCIA-0111:sector,evaluation,uci-audit-v1,1.0.0
UCIA-0112,112,36,3.89,10.96,41.47,52.43,5,35.21,2,1,1,4.2,1,uci_audit_office_post_audit_finding,unplanned_para_discrepancy,standard,UCIA-0112:discrepancy-count;UCIA-0112:history;UCIA-0112:money-value;UCIA-0112:para-a;UCIA-0112:para-b;UCIA-0112:prior-screen;UCIA-0112:sector,development,uci-audit-v1,1.0.0
UCIA-0113,113,6,3.89,0.0,0.23,0.23,5,0.0,2,0,0,2.0,0,uci_audit_office_post_audit_finding,not_flagged,easy,UCIA-0113:discrepancy-count;UCIA-0113:history;UCIA-0113:money-value;UCIA-0113:para-a;UCIA-0113:para-b;UCIA-0113:prior-screen;UCIA-0113:sector,development,uci-audit-v1,1.0.0
UCIA-0114,114,34,3.41,4.25,45.51,49.76,5,8.2,2,0,1,4.2,1,uci_audit_office_post_audit_finding,unplanned_para_discrepancy,standard,UCIA-0114:discrepancy-count;UCIA-0114:history;UCIA-0114:money-value;UCIA-0114:para-a;UCIA-0114:para-b;UCIA-0114:prior-screen;UCIA-0114:sector,evaluation,uci-audit-v1,1.0.0
UCIA-0115,115,18,3.41,1.98,51.42,53.4,5,20.33,2,1,1,4.4,1,uci_audit_office_post_audit_finding,unplanned_para_discrepancy,borderline,UCIA-0115:discrepancy-count;UCIA-0115:history;UCIA-0115:money-value;UCIA-0115:para-a;UCIA-0115:para-b;UCIA-0115:prior-screen;UCIA-0115:sector,development,uci-audit-v1,1.0.0
UCIA-0116,116,25,3.41,1.44,29.25,30.69,5,35.13,2,0,1,3.8,1,uci_audit_office_post_audit_finding,misstatement_value,borderline,UCIA-0116:discrepancy-count;UCIA-0116:history;UCIA-0116:money-value;UCIA-0116:para-a;UCIA-0116:para-b;UCIA-0116:prior-screen;UCIA-0116:sector,development,uci-audit-v1,1.0.0
UCIA-0117,117,39,3.41,1.52,37.33,38.85,5,63.7,2,0,1,4.2,1,uci_audit_office_post_audit_finding,misstatement_value,borderline,UCIA-0117:discrepancy-count;UCIA-0117:history;UCIA-0117:money-value;UCIA-0117:para-a;UCIA-0117:para-b;UCIA-0117:prior-screen;UCIA-0117:sector,development,uci-audit-v1,1.0.0
UCIA-0118,118,39,3.41,3.63,10.85,14.48,5,0.28,2,0,1,3.0,1,uci_audit_office_post_audit_finding,unplanned_para_discrepancy,standard,UCIA-0118:discrepancy-count;UCIA-0118:history;UCIA-0118:money-value;UCIA-0118:para-a;UCIA-0118:para-b;UCIA-0118:prior-screen;UCIA-0118:sector,development,uci-audit-v1,1.0.0
UCIA-0119,119,2,3.41,1.35,66.35,67.7,5,27.13,2,3,1,4.6,1,uci_audit_office_post_audit_finding,unplanned_para_discrepancy,borderline,UCIA-0119:discrepancy-count;UCIA-0119:history;UCIA-0119:money-value;UCIA-0119:para-a;UCIA-0119:para-b;UCIA-0119:prior-screen;UCIA-0119:sector,development,uci-audit-v1,1.0.0
UCIA-0120,120,39,3.41,9.97,88.73,98.7,5,10.27,2,0,1,4.0,1,uci_audit_office_post_audit_finding,unplanned_para_discrepancy,standard,UCIA-0120:discrepancy-count;UCIA-0120:history;UCIA-0120:money-value;UCIA-0120:para-a;UCIA-0120:para-b;UCIA-0120:prior-screen;UCIA-0120:sector,evaluation,uci-audit-v1,1.0.0
UCIA-0121,121,27,3.41,1.41,36.16,37.57,5,13.05,2,0,1,4.2,1,uci_audit_office_post_audit_finding,unplanned_para_discrepancy,borderline,UCIA-0121:discrepancy-count;UCIA-0121:history;UCIA-0121:money-value;UCIA-0121:para-a;UCIA-0121:para-b;UCIA-0121:prior-screen;UCIA-0121:sector,evaluation,uci-audit-v1,1.0.0
UCIA-0122,122,8,3.41,1.98,67.91,69.89,5,18.79,2,1,1,4.4,1,uci_audit_office_post_audit_finding,unplanned_para_discrepancy,borderline,UCIA-0122:discrepancy-count;UCIA-0122:history;UCIA-0122:money-value;UCIA-0122:para-a;UCIA-0122:para-b;UCIA-0122:prior-screen;UCIA-0122:sector,evaluation,uci-audit-v1,1.0.0
UCIA-0123,123,11,3.41,10.08,22.31,32.39,5,16.82,2,0,1,4.4,1,uci_audit_office_post_audit_finding,unplanned_para_discrepancy,standard,UCIA-0123:discrepancy-count;UCIA-0123:history;UCIA-0123:money-value;UCIA-0123:para-a;UCIA-0123:para-b;UCIA-0123:prior-screen;UCIA-0123:sector,development,uci-audit-v1,1.0.0
UCIA-0124,124,11,3.41,1.44,9.65,11.09,6,10.03,2,0,1,4.0,1,uci_audit_office_post_audit_finding,misstatement_value,borderline,UCIA-0124:discrepancy-count;UCIA-0124:history;UCIA-0124:money-value;UCIA-0124:para-a;UCIA-0124:para-b;UCIA-0124:prior-screen;UCIA-0124:sector,development,uci-audit-v1,1.0.0
UCIA-0125,125,12,3.41,25.4,51.74,77.14,5,12.67,6,2,1,4.8,1,uci_audit_office_post_audit_finding,unplanned_para_discrepancy,standard,UCIA-0125:discrepancy-count;UCIA-0125:history;UCIA-0125:money-value;UCIA-0125:para-a;UCIA-0125:para-b;UCIA-0125:prior-screen;UCIA-0125:sector,evaluation,uci-audit-v1,1.0.0
UCIA-0126,126,12,3.41,3.21,72.07,75.28,5,13.79,6,1,1,4.6,1,uci_audit_office_post_audit_finding,unplanned_para_discrepancy,standard,UCIA-0126:discrepancy-count;UCIA-0126:history;UCIA-0126:money-value;UCIA-0126:para-a;UCIA-0126:para-b;UCIA-0126:prior-screen;UCIA-0126:sector,evaluation,uci-audit-v1,1.0.0
UCIA-0127,127,9,3.41,12.28,20.62,32.9,5,10.16,2,1,1,4.2,1,uci_audit_office_post_audit_finding,unplanned_para_discrepancy,standard,UCIA-0127:discrepancy-count;UCIA-0127:history;UCIA-0127:money-value;UCIA-0127:para-a;UCIA-0127:para-b;UCIA-0127:prior-screen;UCIA-0127:sector,development,uci-audit-v1,1.0.0
UCIA-0128,128,9,3.41,6.93,70.26,77.19,5,9.73,2,0,1,3.8,1,uci_audit_office_post_audit_finding,unplanned_para_discrepancy,standard,UCIA-0128:discrepancy-count;UCIA-0128:history;UCIA-0128:money-value;UCIA-0128:para-a;UCIA-0128:para-b;UCIA-0128:prior-screen;UCIA-0128:sector,development,uci-audit-v1,1.0.0
UCIA-0129,129,16,3.41,3.34,37.59,40.93,5,26.95,2,0,1,4.0,1,uci_audit_office_post_audit_finding,unplanned_para_discrepancy,standard,UCIA-0129:discrepancy-count;UCIA-0129:history;UCIA-0129:money-value;UCIA-0129:para-a;UCIA-0129:para-b;UCIA-0129:prior-screen;UCIA-0129:sector,development,uci-audit-v1,1.0.0
UCIA-0130,130,13,3.41,15.66,74.53,90.19,5,29.07,2,0,1,4.0,1,uci_audit_office_post_audit_finding,unplanned_para_discrepancy,standard,UCIA-0130:discrepancy-count;UCIA-0130:history;UCIA-0130:money-value;UCIA-0130:para-a;UCIA-0130:para-b;UCIA-0130:prior-screen;UCIA-0130:sector,evaluation,uci-audit-v1,1.0.0
UCIA-0131,131,13,3.41,2.92,5.24,8.16,5,9.76,2,0,1,3.2,1,uci_audit_office_post_audit_finding,misstatement_value,standard,UCIA-0131:discrepancy-count;UCIA-0131:history;UCIA-0131:money-value;UCIA-0131:para-a;UCIA-0131:para-b;UCIA-0131:prior-screen;UCIA-0131:sector,evaluation,uci-audit-v1,1.0.0
UCIA-0132,132,37,3.41,0.83,28.06,28.89,5,13.31,2,0,1,3.6,1,uci_audit_office_post_audit_finding,unplanned_para_discrepancy,borderline,UCIA-0132:discrepancy-count;UCIA-0132:history;UCIA-0132:money-value;UCIA-0132:para-a;UCIA-0132:para-b;UCIA-0132:prior-screen;UCIA-0132:sector,development,uci-audit-v1,1.0.0
UCIA-0133,133,13,3.41,1.97,30.25,32.22,5,0.68,2,0,1,3.4,1,uci_audit_office_post_audit_finding,unplanned_para_discrepancy,borderline,UCIA-0133:discrepancy-count;UCIA-0133:history;UCIA-0133:money-value;UCIA-0133:para-a;UCIA-0133:para-b;UCIA-0133:prior-screen;UCIA-0133:sector,development,uci-audit-v1,1.0.0
UCIA-0134,134,5,3.41,10.0,47.9,57.9,5,7.7,2,0,1,3.8,1,uci_audit_office_post_audit_finding,unplanned_para_discrepancy,standard,UCIA-0134:discrepancy-count;UCIA-0134:history;UCIA-0134:money-value;UCIA-0134:para-a;UCIA-0134:para-b;UCIA-0134:prior-screen;UCIA-0134:sector,evaluation,uci-audit-v1,1.0.0
UCIA-0135,135,35,3.41,13.06,45.42,58.48,5,10.4,2,0,1,4.0,1,uci_audit_office_post_audit_finding,unplanned_para_discrepancy,standard,UCIA-0135:discrepancy-count;UCIA-0135:history;UCIA-0135:money-value;UCIA-0135:para-a;UCIA-0135:para-b;UCIA-0135:prior-screen;UCIA-0135:sector,evaluation,uci-audit-v1,1.0.0
UCIA-0136,136,38,3.41,1.35,33.25,34.6,5,20.62,2,0,1,4.2,1,uci_audit_office_post_audit_finding,unplanned_para_discrepancy,borderline,UCIA-0136:discrepancy-count;UCIA-0136:history;UCIA-0136:money-value;UCIA-0136:para-a;UCIA-0136:para-b;UCIA-0136:prior-screen;UCIA-0136:sector,development,uci-audit-v1,1.0.0
UCIA-0137,137,4,3.41,4.13,16.74,20.87,5,44.02,2,0,1,4.0,1,uci_audit_office_post_audit_finding,misstatement_value,standard,UCIA-0137:discrepancy-count;UCIA-0137:history;UCIA-0137:money-value;UCIA-0137:para-a;UCIA-0137:para-b;UCIA-0137:prior-screen;UCIA-0137:sector,development,uci-audit-v1,1.0.0
UCIA-0138,138,31,3.41,12.62,80.06,92.68,5,43.53,4,0,1,4.6,1,uci_audit_office_post_audit_finding,unplanned_para_discrepancy,standard,UCIA-0138:discrepancy-count;UCIA-0138:history;UCIA-0138:money-value;UCIA-0138:para-a;UCIA-0138:para-b;UCIA-0138:prior-screen;UCIA-0138:sector,development,uci-audit-v1,1.0.0
UCIA-0139,139,31,3.41,16.36,41.1,57.46,5,12.03,4,0,1,4.2,1,uci_audit_office_post_audit_finding,unplanned_para_discrepancy,standard,UCIA-0139:discrepancy-count;UCIA-0139:history;UCIA-0139:money-value;UCIA-0139:para-a;UCIA-0139:para-b;UCIA-0139:prior-screen;UCIA-0139:sector,development,uci-audit-v1,1.0.0
UCIA-0140,140,16,3.41,12.68,41.0,53.68,5,11.88,2,0,1,4.4,1,uci_audit_office_post_audit_finding,unplanned_para_discrepancy,standard,UCIA-0140:discrepancy-count;UCIA-0140:history;UCIA-0140:money-value;UCIA-0140:para-a;UCIA-0140:para-b;UCIA-0140:prior-screen;UCIA-0140:sector,evaluation,uci-audit-v1,1.0.0
UCIA-0141,141,16,3.41,11.73,85.87,97.6,5,6.96,2,1,1,4.0,1,uci_audit_office_post_audit_finding,unplanned_para_discrepancy,standard,UCIA-0141:discrepancy-count;UCIA-0141:history;UCIA-0141:money-value;UCIA-0141:para-a;UCIA-0141:para-b;UCIA-0141:prior-screen;UCIA-0141:sector,evaluation,uci-audit-v1,1.0.0
UCIA-0142,142,22,3.41,5.15,44.67,49.82,5,21.07,2,0,1,4.4,1,uci_audit_office_post_audit_finding,unplanned_para_discrepancy,standard,UCIA-0142:discrepancy-count;UCIA-0142:history;UCIA-0142:money-value;UCIA-0142:para-a;UCIA-0142:para-b;UCIA-0142:prior-screen;UCIA-0142:sector,evaluation,uci-audit-v1,1.0.0
UCIA-0143,143,7,3.41,6.61,55.62,62.23,5,57.16,2,0,1,4.2,1,uci_audit_office_post_audit_finding,misstatement_value,standard,UCIA-0143:discrepancy-count;UCIA-0143:history;UCIA-0143:money-value;UCIA-0143:para-a;UCIA-0143:para-b;UCIA-0143:prior-screen;UCIA-0143:sector,evaluation,uci-audit-v1,1.0.0
UCIA-0144,144,8,3.41,8.03,94.43,102.46,5,10.65,2,2,1,4.8,1,uci_audit_office_post_audit_finding,unplanned_para_discrepancy,standard,UCIA-0144:discrepancy-count;UCIA-0144:history;UCIA-0144:money-value;UCIA-0144:para-a;UCIA-0144:para-b;UCIA-0144:prior-screen;UCIA-0144:sector,development,uci-audit-v1,1.0.0
UCIA-0145,145,8,3.41,1.21,34.03,35.24,5,5.36,2,0,1,3.6,1,uci_audit_office_post_audit_finding,unplanned_para_discrepancy,borderline,UCIA-0145:discrepancy-count;UCIA-0145:history;UCIA-0145:money-value;UCIA-0145:para-a;UCIA-0145:para-b;UCIA-0145:prior-screen;UCIA-0145:sector,evaluation,uci-audit-v1,1.0.0
UCIA-0146,146,19,3.41,1.64,46.21,47.85,5,2.45,2,0,1,3.4,1,uci_audit_office_post_audit_finding,unplanned_para_discrepancy,borderline,UCIA-0146:discrepancy-count;UCIA-0146:history;UCIA-0146:money-value;UCIA-0146:para-a;UCIA-0146:para-b;UCIA-0146:prior-screen;UCIA-0146:sector,development,uci-audit-v1,1.0.0
UCIA-0147,147,19,3.41,1.21,43.84,45.05,5,31.61,2,0,1,4.2,1,uci_audit_office_post_audit_finding,unplanned_para_discrepancy,borderline,UCIA-0147:discrepancy-count;UCIA-0147:history;UCIA-0147:money-value;UCIA-0147:para-a;UCIA-0147:para-b;UCIA-0147:prior-screen;UCIA-0147:sector,evaluation,uci-audit-v1,1.0.0
UCIA-0148,148,29,3.41,1.1,87.71,88.81,5,34.32,2,0,1,4.2,1,uci_audit_office_post_audit_finding,unplanned_para_discrepancy,borderline,UCIA-0148:discrepancy-count;UCIA-0148:history;UCIA-0148:money-value;UCIA-0148:para-a;UCIA-0148:para-b;UCIA-0148:prior-screen;UCIA-0148:sector,evaluation,uci-audit-v1,1.0.0
UCIA-0149,149,29,3.41,4.17,24.37,28.54,5,4.24,2,0,1,3.6,1,uci_audit_office_post_audit_finding,unplanned_para_discrepancy,standard,UCIA-0149:discrepancy-count;UCIA-0149:history;UCIA-0149:money-value;UCIA-0149:para-a;UCIA-0149:para-b;UCIA-0149:prior-screen;UCIA-0149:sector,evaluation,uci-audit-v1,1.0.0
UCIA-0150,150,20,3.41,1.08,32.71,33.79,5,8.38,2,0,1,3.6,1,uci_audit_office_post_audit_finding,unplanned_para_discrepancy,borderline,UCIA-0150:discrepancy-count;UCIA-0150:history;UCIA-0150:money-value;UCIA-0150:para-a;UCIA-0150:para-b;UCIA-0150:prior-screen;UCIA-0150:sector,evaluation,uci-audit-v1,1.0.0
UCIA-0151,151,29,3.41,12.29,25.74,38.03,5,22.1,2,0,1,4.2,1,uci_audit_office_post_audit_finding,unplanned_para_discrepancy,standard,UCIA-0151:discrepancy-count;UCIA-0151:history;UCIA-0151:money-value;UCIA-0151:para-a;UCIA-0151:para-b;UCIA-0151:prior-screen;UCIA-0151:sector,evaluation,uci-audit-v1,1.0.0
UCIA-0152,152,32,3.41,12.54,31.62,44.16,5,54.07,2,0,1,4.0,1,uci_audit_office_post_audit_finding,misstatement_value,standard,UCIA-0152:discrepancy-count;UCIA-0152:history;UCIA-0152:money-value;UCIA-0152:para-a;UCIA-0152:para-b;UCIA-0152:prior-screen;UCIA-0152:sector,development,uci-audit-v1,1.0.0
UCIA-0153,153,9,3.41,17.26,44.22,61.48,5,27.68,2,1,1,4.2,1,uci_audit_office_post_audit_finding,unplanned_para_discrepancy,standard,UCIA-0153:discrepancy-count;UCIA-0153:history;UCIA-0153:money-value;UCIA-0153:para-a;UCIA-0153:para-b;UCIA-0153:prior-screen;UCIA-0153:sector,evaluation,uci-audit-v1,1.0.0
UCIA-0154,154,30,3.41,1.15,20.1,21.25,6,21.45,2,0,1,4.6,1,uci_audit_office_post_audit_finding,misstatement_value,borderline,UCIA-0154:discrepancy-count;UCIA-0154:history;UCIA-0154:money-value;UCIA-0154:para-a;UCIA-0154:para-b;UCIA-0154:prior-screen;UCIA-0154:sector,development,uci-audit-v1,1.0.0
UCIA-0155,155,15,3.41,20.04,48.9,68.94,5,11.09,2,0,1,4.0,1,uci_audit_office_post_audit_finding,unplanned_para_discrepancy,standard,UCIA-0155:discrepancy-count;UCIA-0155:history;UCIA-0155:money-value;UCIA-0155:para-a;UCIA-0155:para-b;UCIA-0155:prior-screen;UCIA-0155:sector,development,uci-audit-v1,1.0.0
UCIA-0156,156,15,3.41,12.17,47.0,59.17,6,10.14,2,0,1,4.8,1,uci_audit_office_post_audit_finding,unplanned_para_discrepancy,standard,UCIA-0156:discrepancy-count;UCIA-0156:history;UCIA-0156:money-value;UCIA-0156:para-a;UCIA-0156:para-b;UCIA-0156:prior-screen;UCIA-0156:sector,evaluation,uci-audit-v1,1.0.0
UCIA-0157,157,40,3.41,10.37,105.56,115.93,9,52.13,2,0,1,4.8,1,uci_audit_office_post_audit_finding,unplanned_para_discrepancy,standard,UCIA-0157:discrepancy-count;UCIA-0157:history;UCIA-0157:money-value;UCIA-0157:para-a;UCIA-0157:para-b;UCIA-0157:prior-screen;UCIA-0157:sector,development,uci-audit-v1,1.0.0
UCIA-0158,158,41,3.41,9.67,62.25,71.92,5,17.02,2,0,1,4.4,1,uci_audit_office_post_audit_finding,unplanned_para_discrepancy,standard,UCIA-0158:discrepancy-count;UCIA-0158:history;UCIA-0158:money-value;UCIA-0158:para-a;UCIA-0158:para-b;UCIA-0158:prior-screen;UCIA-0158:sector,evaluation,uci-audit-v1,1.0.0
UCIA-0159,159,42,3.41,3.77,40.86,44.63,5,18.0,2,0,1,4.0,1,uci_audit_office_post_audit_finding,unplanned_para_discrepancy,standard,UCIA-0159:discrepancy-count;UCIA-0159:history;UCIA-0159:money-value;UCIA-0159:para-a;UCIA-0159:para-b;UCIA-0159:prior-screen;UCIA-0159:sector,evaluation,uci-audit-v1,1.0.0
UCIA-0160,160,22,3.41,4.73,60.22,64.95,5,69.76,2,0,1,4.0,1,uci_audit_office_post_audit_finding,misstatement_value,standard,UCIA-0160:discrepancy-count;UCIA-0160:history;UCIA-0160:money-value;UCIA-0160:para-a;UCIA-0160:para-b;UCIA-0160:prior-screen;UCIA-0160:sector,development,uci-audit-v1,1.0.0
UCIA-0161,161,11,3.41,6.31,19.42,25.73,5,13.88,2,0,1,4.4,1,uci_audit_office_post_audit_finding,unplanned_para_discrepancy,standard,UCIA-0161:discrepancy-count;UCIA-0161:history;UCIA-0161:money-value;UCIA-0161:para-a;UCIA-0161:para-b;UCIA-0161:prior-screen;UCIA-0161:sector,development,uci-audit-v1,1.0.0
UCIA-0162,162,13,3.41,5.61,1.56,7.17,5,4.03,2,0,1,2.4,1,uci_audit_office_post_audit_finding,planned_para_discrepancy,standard,UCIA-0162:discrepancy-count;UCIA-0162:history;UCIA-0162:money-value;UCIA-0162:para-a;UCIA-0162:para-b;UCIA-0162:prior-screen;UCIA-0162:sector,development,uci-audit-v1,1.0.0
UCIA-0163,163,37,3.41,5.22,20.94,26.16,5,2.44,2,0,1,3.6,1,uci_audit_office_post_audit_finding,unplanned_para_discrepancy,standard,UCIA-0163:discrepancy-count;UCIA-0163:history;UCIA-0163:money-value;UCIA-0163:para-a;UCIA-0163:para-b;UCIA-0163:prior-screen;UCIA-0163:sector,evaluation,uci-audit-v1,1.0.0
UCIA-0164,164,19,3.41,0.31,58.12,58.43,5,78.98,2,0,1,3.8,1,uci_audit_office_post_audit_finding,misstatement_value,standard,UCIA-0164:discrepancy-count;UCIA-0164:history;UCIA-0164:money-value;UCIA-0164:para-a;UCIA-0164:para-b;UCIA-0164:prior-screen;UCIA-0164:sector,development,uci-audit-v1,1.0.0
UCIA-0165,165,15,3.41,2.86,17.09,19.95,5,6.88,2,0,1,4.2,1,uci_audit_office_post_audit_finding,unplanned_para_discrepancy,standard,UCIA-0165:discrepancy-count;UCIA-0165:history;UCIA-0165:money-value;UCIA-0165:para-a;UCIA-0165:para-b;UCIA-0165:prior-screen;UCIA-0165:sector,development,uci-audit-v1,1.0.0
UCIA-0166,166,14,3.41,16.53,72.99,89.52,5,5.49,2,1,1,4.0,1,uci_audit_office_post_audit_finding,unplanned_para_discrepancy,standard,UCIA-0166:discrepancy-count;UCIA-0166:history;UCIA-0166:money-value;UCIA-0166:para-a;UCIA-0166:para-b;UCIA-0166:prior-screen;UCIA-0166:sector,evaluation,uci-audit-v1,1.0.0
UCIA-0167,167,22,3.41,2.7,45.16,47.86,5,37.79,2,0,1,4.0,1,uci_audit_office_post_audit_finding,unplanned_para_discrepancy,standard,UCIA-0167:discrepancy-count;UCIA-0167:history;UCIA-0167:money-value;UCIA-0167:para-a;UCIA-0167:para-b;UCIA-0167:prior-screen;UCIA-0167:sector,evaluation,uci-audit-v1,1.0.0
UCIA-0168,168,8,3.41,3.08,60.78,63.86,5,0.36,2,0,1,3.6,1,uci_audit_office_post_audit_finding,unplanned_para_discrepancy,standard,UCIA-0168:discrepancy-count;UCIA-0168:history;UCIA-0168:money-value;UCIA-0168:para-a;UCIA-0168:para-b;UCIA-0168:prior-screen;UCIA-0168:sector,evaluation,uci-audit-v1,1.0.0
UCIA-0169,169,32,3.41,2.0,49.19,51.19,5,60.88,2,1,1,4.2,1,uci_audit_office_post_audit_finding,misstatement_value,borderline,UCIA-0169:discrepancy-count;UCIA-0169:history;UCIA-0169:money-value;UCIA-0169:para-a;UCIA-0169:para-b;UCIA-0169:prior-screen;UCIA-0169:sector,development,uci-audit-v1,1.0.0
UCIA-0170,170,2,3.41,1.18,0.0,1.18,5,183.2,2,0,1,3.2,1,uci_audit_office_post_audit_finding,misstatement_value,borderline,UCIA-0170:discrepancy-count;UCIA-0170:history;UCIA-0170:money-value;UCIA-0170:para-a;UCIA-0170:para-b;UCIA-0170:prior-screen;UCIA-0170:sector,evaluation,uci-audit-v1,1.0.0
UCIA-0171,171,39,3.41,1.07,0.0,1.07,5,10.02,2,0,1,2.6,1,uci_audit_office_post_audit_finding,misstatement_value,borderline,UCIA-0171:discrepancy-count;UCIA-0171:history;UCIA-0171:money-value;UCIA-0171:para-a;UCIA-0171:para-b;UCIA-0171:prior-screen;UCIA-0171:sector,development,uci-audit-v1,1.0.0
UCIA-0172,172,12,3.41,1.07,0.0,1.07,5,0.0,6,0,1,2.6,1,uci_audit_office_post_audit_finding,historical_record,borderline,UCIA-0172:discrepancy-count;UCIA-0172:history;UCIA-0172:money-value;UCIA-0172:para-a;UCIA-0172:para-b;UCIA-0172:prior-screen;UCIA-0172:sector,development,uci-audit-v1,1.0.0
UCIA-0173,173,13,3.41,1.01,0.0,1.01,5,0.0,2,0,1,2.2,0,uci_audit_office_post_audit_finding,cleared_after_flag,hard,UCIA-0173:discrepancy-count;UCIA-0173:history;UCIA-0173:money-value;UCIA-0173:para-a;UCIA-0173:para-b;UCIA-0173:prior-screen;UCIA-0173:sector,development,uci-audit-v1,1.0.0
UCIA-0174,174,5,3.41,0.93,0.0,0.93,5,0.0,2,0,0,2.0,0,uci_audit_office_post_audit_finding,not_flagged,borderline,UCIA-0174:discrepancy-count;UCIA-0174:history;UCIA-0174:money-value;UCIA-0174:para-a;UCIA-0174:para-b;UCIA-0174:prior-screen;UCIA-0174:sector,development,uci-audit-v1,1.0.0
UCIA-0175,175,4,3.41,4.01,0.0,4.01,5,0.0,2,0,1,2.4,0,uci_audit_office_post_audit_finding,cleared_after_flag,hard,UCIA-0175:discrepancy-count;UCIA-0175:history;UCIA-0175:money-value;UCIA-0175:para-a;UCIA-0175:para-b;UCIA-0175:prior-screen;UCIA-0175:sector,development,uci-audit-v1,1.0.0
UCIA-0176,176,32,3.41,0.77,0.0,0.77,5,0.32,2,0,0,2.0,0,uci_audit_office_post_audit_finding,not_flagged,borderline,UCIA-0176:discrepancy-count;UCIA-0176:history;UCIA-0176:money-value;UCIA-0176:para-a;UCIA-0176:para-b;UCIA-0176:prior-screen;UCIA-0176:sector,development,uci-audit-v1,1.0.0
UCIA-0177,177,16,3.41,1.05,0.0,1.05,5,0.0,2,0,1,2.2,0,uci_audit_office_post_audit_finding,cleared_after_flag,hard,UCIA-0177:discrepancy-count;UCIA-0177:history;UCIA-0177:money-value;UCIA-0177:para-a;UCIA-0177:para-b;UCIA-0177:prior-screen;UCIA-0177:sector,development,uci-audit-v1,1.0.0
UCIA-0178,178,15,3.41,1.01,0.0,1.01,5,0.28,2,0,1,2.2,0,uci_audit_office_post_audit_finding,cleared_after_flag,hard,UCIA-0178:discrepancy-count;UCIA-0178:history;UCIA-0178:money-value;UCIA-0178:para-a;UCIA-0178:para-b;UCIA-0178:prior-screen;UCIA-0178:sector,development,uci-audit-v1,1.0.0
UCIA-0179,179,19,3.41,0.91,0.0,0.91,5,0.0,2,0,0,2.0,0,uci_audit_office_post_audit_finding,not_flagged,borderline,UCIA-0179:discrepancy-count;UCIA-0179:history;UCIA-0179:money-value;UCIA-0179:para-a;UCIA-0179:para-b;UCIA-0179:prior-screen;UCIA-0179:sector,evaluation,uci-audit-v1,1.0.0
UCIA-0180,180,8,3.41,1.12,0.0,1.12,5,0.0,2,0,1,2.2,0,uci_audit_office_post_audit_finding,cleared_after_flag,hard,UCIA-0180:discrepancy-count;UCIA-0180:history;UCIA-0180:money-value;UCIA-0180:para-a;UCIA-0180:para-b;UCIA-0180:prior-screen;UCIA-0180:sector,development,uci-audit-v1,1.0.0
UCIA-0181,181,9,3.41,0.8,0.0,0.8,5,0.18,2,0,0,2.0,0,uci_audit_office_post_audit_finding,not_flagged,borderline,UCIA-0181:discrepancy-count;UCIA-0181:history;UCIA-0181:money-value;UCIA-0181:para-a;UCIA-0181:para-b;UCIA-0181:prior-screen;UCIA-0181:sector,evaluation,uci-audit-v1,1.0.0
UCIA-0182,182,22,3.41,0.65,0.0,0.65,5,0.0,2,0,0,2.0,0,uci_audit_office_post_audit_finding,not_flagged,easy,UCIA-0182:discrepancy-count;UCIA-0182:history;UCIA-0182:money-value;UCIA-0182:para-a;UCIA-0182:para-b;UCIA-0182:prior-screen;UCIA-0182:sector,evaluation,uci-audit-v1,1.0.0
UCIA-0183,183,29,3.41,0.63,0.0,0.63,5,0.0,2,0,0,2.0,0,uci_audit_office_post_audit_finding,not_flagged,easy,UCIA-0183:discrepancy-count;UCIA-0183:history;UCIA-0183:money-value;UCIA-0183:para-a;UCIA-0183:para-b;UCIA-0183:prior-screen;UCIA-0183:sector,evaluation,uci-audit-v1,1.0.0
UCIA-0184,184,6,3.41,0.43,0.0,0.43,5,0.0,2,0,0,2.0,0,uci_audit_office_post_audit_finding,not_flagged,easy,UCIA-0184:discrepancy-count;UCIA-0184:history;UCIA-0184:money-value;UCIA-0184:para-a;UCIA-0184:para-b;UCIA-0184:prior-screen;UCIA-0184:sector,development,uci-audit-v1,1.0.0
UCIA-0185,185,11,3.41,1.21,0.0,1.21,5,0.0,2,0,1,2.2,0,uci_audit_office_post_audit_finding,cleared_after_flag,hard,UCIA-0185:discrepancy-count;UCIA-0185:history;UCIA-0185:money-value;UCIA-0185:para-a;UCIA-0185:para-b;UCIA-0185:prior-screen;UCIA-0185:sector,evaluation,uci-audit-v1,1.0.0
UCIA-0186,186,31,3.41,0.17,0.0,0.17,5,0.0,2,0,0,2.0,0,uci_audit_office_post_audit_finding,not_flagged,easy,UCIA-0186:discrepancy-count;UCIA-0186:history;UCIA-0186:money-value;UCIA-0186:para-a;UCIA-0186:para-b;UCIA-0186:prior-screen;UCIA-0186:sector,evaluation,uci-audit-v1,1.0.0
UCIA-0187,187,18,3.41,0.0,0.0,0.0,5,0.0,4,0,1,2.2,0,uci_audit_office_post_audit_finding,cleared_after_flag,hard,UCIA-0187:discrepancy-count;UCIA-0187:history;UCIA-0187:money-value;UCIA-0187:para-a;UCIA-0187:para-b;UCIA-0187:prior-screen;UCIA-0187:sector,evaluation,uci-audit-v1,1.0.0
UCIA-0188,188,14,3.41,0.0,0.0,0.0,5,0.0,2,0,0,2.0,0,uci_audit_office_post_audit_finding,not_flagged,easy,UCIA-0188:discrepancy-count;UCIA-0188:history;UCIA-0188:money-value;UCIA-0188:para-a;UCIA-0188:para-b;UCIA-0188:prior-screen;UCIA-0188:sector,evaluation,uci-audit-v1,1.0.0
UCIA-0189,189,36,3.41,0.07,0.0,0.07,5,0.0,2,0,0,2.0,0,uci_audit_office_post_audit_finding,not_flagged,easy,UCIA-0189:discrepancy-count;UCIA-0189:history;UCIA-0189:money-value;UCIA-0189:para-a;UCIA-0189:para-b;UCIA-0189:prior-screen;UCIA-0189:sector,development,uci-audit-v1,1.0.0
UCIA-0190,190,18,2.72,5.11,53.76,58.87,6,48.56,2,2,1,5.2,1,uci_audit_office_post_audit_finding,unplanned_para_discrepancy,standard,UCIA-0190:discrepancy-count;UCIA-0190:history;UCIA-0190:money-value;UCIA-0190:para-a;UCIA-0190:para-b;UCIA-0190:prior-screen;UCIA-0190:sector,evaluation,uci-audit-v1,1.0.0
UCIA-0191,191,39,2.72,2.46,6.72,9.18,5,0.0,2,0,1,3.0,1,uci_audit_office_post_audit_finding,unplanned_para_discrepancy,standard,UCIA-0191:discrepancy-count;UCIA-0191:history;UCIA-0191:money-value;UCIA-0191:para-a;UCIA-0191:para-b;UCIA-0191:prior-screen;UCIA-0191:sector,evaluation,uci-audit-v1,1.0.0
UCIA-0192,192,39,2.72,4.05,21.66,25.71,5,18.45,2,0,1,4.4,1,uci_audit_office_post_audit_finding,unplanned_para_discrepancy,standard,UCIA-0192:discrepancy-count;UCIA-0192:history;UCIA-0192:money-value;UCIA-0192:para-a;UCIA-0192:para-b;UCIA-0192:prior-screen;UCIA-0192:sector,evaluation,uci-audit-v1,1.0.0
UCIA-0193,193,39,2.72,2.81,4.6,7.41,5,8.44,2,0,1,2.6,1,uci_audit_office_post_audit_finding,misstatement_value,standard,UCIA-0193:discrepancy-count;UCIA-0193:history;UCIA-0193:money-value;UCIA-0193:para-a;UCIA-0193:para-b;UCIA-0193:prior-screen;UCIA-0193:sector,evaluation,uci-audit-v1,1.0.0
UCIA-0194,194,25,2.72,4.43,61.47,65.9,5,39.65,2,0,1,4.4,1,uci_audit_office_post_audit_finding,unplanned_para_discrepancy,standard,UCIA-0194:discrepancy-count;UCIA-0194:history;UCIA-0194:money-value;UCIA-0194:para-a;UCIA-0194:para-b;UCIA-0194:prior-screen;UCIA-0194:sector,development,uci-audit-v1,1.0.0
UCIA-0195,195,39,2.72,3.48,17.85,21.33,5,9.53,2,0,1,3.8,1,uci_audit_office_post_audit_finding,unplanned_para_discrepancy,standard,UCIA-0195:discrepancy-count;UCIA-0195:history;UCIA-0195:money-value;UCIA-0195:para-a;UCIA-0195:para-b;UCIA-0195:prior-screen;UCIA-0195:sector,development,uci-audit-v1,1.0.0
UCIA-0196,196,8,2.72,3.62,44.28,47.9,5,44.67,2,0,1,4.0,1,uci_audit_office_post_audit_finding,misstatement_value,standard,UCIA-0196:discrepancy-count;UCIA-0196:history;UCIA-0196:money-value;UCIA-0196:para-a;UCIA-0196:para-b;UCIA-0196:prior-screen;UCIA-0196:sector,evaluation,uci-audit-v1,1.0.0
UCIA-0197,197,8,2.72,4.34,24.13,28.47,5,3.42,2,0,1,3.6,1,uci_audit_office_post_audit_finding,unplanned_para_discrepancy,standard,UCIA-0197:discrepancy-count;UCIA-0197:history;UCIA-0197:money-value;UCIA-0197:para-a;UCIA-0197:para-b;UCIA-0197:prior-screen;UCIA-0197:sector,evaluation,uci-audit-v1,1.0.0
UCIA-0198,198,12,2.72,3.62,8.37,11.99,5,0.0,2,0,1,3.0,1,uci_audit_office_post_audit_finding,unplanned_para_discrepancy,standard,UCIA-0198:discrepancy-count;UCIA-0198:history;UCIA-0198:money-value;UCIA-0198:para-a;UCIA-0198:para-b;UCIA-0198:prior-screen;UCIA-0198:sector,evaluation,uci-audit-v1,1.0.0
UCIA-0199,199,11,2.72,3.11,113.97,117.08,5,26.64,2,0,1,4.4,1,uci_audit_office_post_audit_finding,unplanned_para_discrepancy,standard,UCIA-0199:discrepancy-count;UCIA-0199:history;UCIA-0199:money-value;UCIA-0199:para-a;UCIA-0199:para-b;UCIA-0199:prior-screen;UCIA-0199:sector,development,uci-audit-v1,1.0.0
UCIA-0200,200,9,2.72,1.65,20.86,22.51,5,16.91,2,0,1,3.8,1,uci_audit_office_post_audit_finding,unplanned_para_discrepancy,borderline,UCIA-0200:discrepancy-count;UCIA-0200:history;UCIA-0200:money-value;UCIA-0200:para-a;UCIA-0200:para-b;UCIA-0200:prior-screen;UCIA-0200:sector,evaluation,uci-audit-v1,1.0.0
UCIA-0201,201,12,2.72,3.43,1.53,4.96,5,0.0,2,0,1,2.4,0,uci_audit_office_post_audit_finding,cleared_after_flag,hard,UCIA-0201:discrepancy-count;UCIA-0201:history;UCIA-0201:money-value;UCIA-0201:para-a;UCIA-0201:para-b;UCIA-0201:prior-screen;UCIA-0201:sector,evaluation,uci-audit-v1,1.0.0
UCIA-0202,202,9,2.72,3.84,98.67,102.51,5,12.9,2,0,1,4.0,1,uci_audit_office_post_audit_finding,unplanned_para_discrepancy,standard,UCIA-0202:discrepancy-count;UCIA-0202:history;UCIA-0202:money-value;UCIA-0202:para-a;UCIA-0202:para-b;UCIA-0202:prior-screen;UCIA-0202:sector,development,uci-audit-v1,1.0.0
UCIA-0203,203,12,2.72,7.42,115.87,123.29,6,6.79,2,1,1,4.8,1,uci_audit_office_post_audit_finding,unplanned_para_discrepancy,standard,UCIA-0203:discrepancy-count;UCIA-0203:history;UCIA-0203:money-value;UCIA-0203:para-a;UCIA-0203:para-b;UCIA-0203:prior-screen;UCIA-0203:sector,development,uci-audit-v1,1.0.0
UCIA-0204,204,12,2.72,7.07,35.48,42.55,5,8.76,2,0,1,3.8,1,uci_audit_office_post_audit_finding,unplanned_para_discrepancy,standard,UCIA-0204:discrepancy-count;UCIA-0204:history;UCIA-0204:money-value;UCIA-0204:para-a;UCIA-0204:para-b;UCIA-0204:prior-screen;UCIA-0204:sector,development,uci-audit-v1,1.0.0
UCIA-0205,205,2,2.72,3.26,5.55,8.81,5,0.21,6,0,1,3.4,1,uci_audit_office_post_audit_finding,historical_record,standard,UCIA-0205:discrepancy-count;UCIA-0205:history;UCIA-0205:money-value;UCIA-0205:para-a;UCIA-0205:para-b;UCIA-0205:prior-screen;UCIA-0205:sector,development,uci-audit-v1,1.0.0
UCIA-0206,206,13,2.72,3.84,144.39,148.23,5,19.68,2,1,1,4.4,1,uci_audit_office_post_audit_finding,unplanned_para_discrepancy,standard,UCIA-0206:discrepancy-count;UCIA-0206:history;UCIA-0206:money-value;UCIA-0206:para-a;UCIA-0206:para-b;UCIA-0206:prior-screen;UCIA-0206:sector,evaluation,uci-audit-v1,1.0.0
UCIA-0207,207,13,2.72,5.5,93.26,98.76,5,14.27,2,0,1,4.0,1,uci_audit_office_post_audit_finding,unplanned_para_discrepancy,standard,UCIA-0207:discrepancy-count;UCIA-0207:history;UCIA-0207:money-value;UCIA-0207:para-a;UCIA-0207:para-b;UCIA-0207:prior-screen;UCIA-0207:sector,development,uci-audit-v1,1.0.0
UCIA-0208,208,5,2.72,1.9,35.04,36.94,6,16.19,2,0,1,4.6,1,uci_audit_office_post_audit_finding,unplanned_para_discrepancy,borderline,UCIA-0208:discrepancy-count;UCIA-0208:history;UCIA-0208:money-value;UCIA-0208:para-a;UCIA-0208:para-b;UCIA-0208:prior-screen;UCIA-0208:sector,evaluation,uci-audit-v1,1.0.0
UCIA-0209,209,5,2.72,3.5,16.09,19.59,5,5.03,2,0,1,3.8,1,uci_audit_office_post_audit_finding,unplanned_para_discrepancy,standard,UCIA-0209:discrepancy-count;UCIA-0209:history;UCIA-0209:money-value;UCIA-0209:para-a;UCIA-0209:para-b;UCIA-0209:prior-screen;UCIA-0209:sector,evaluation,uci-audit-v1,1.0.0
UCIA-0210,210,5,2.72,1.46,0.75,2.21,5,0.11,2,0,1,2.2,0,uci_audit_office_post_audit_finding,cleared_after_flag,hard,UCIA-0210:discrepancy-count;UCIA-0210:history;UCIA-0210:money-value;UCIA-0210:para-a;UCIA-0210:para-b;UCIA-0210:prior-screen;UCIA-0210:sector,development,uci-audit-v1,1.0.0
UCIA-0211,211,38,2.72,4.6,54.99,59.59,5,14.1,2,0,1,4.0,1,uci_audit_office_post_audit_finding,unplanned_para_discrepancy,standard,UCIA-0211:discrepancy-count;UCIA-0211:history;UCIA-0211:money-value;UCIA-0211:para-a;UCIA-0211:para-b;UCIA-0211:prior-screen;UCIA-0211:sector,evaluation,uci-audit-v1,1.0.0
UCIA-0212,212,5,2.72,7.43,79.5,86.93,5,102.39,2,0,1,4.0,1,uci_audit_office_post_audit_finding,misstatement_value,standard,UCIA-0212:discrepancy-count;UCIA-0212:history;UCIA-0212:money-value;UCIA-0212:para-a;UCIA-0212:para-b;UCIA-0212:prior-screen;UCIA-0212:sector,evaluation,uci-audit-v1,1.0.0
UCIA-0213,213,11,2.72,3.51,52.89,56.4,5,4.26,2,0,1,3.6,1,uci_audit_office_post_audit_finding,unplanned_para_discrepancy,standard,UCIA-0213:discrepancy-count;UCIA-0213:history;UCIA-0213:money-value;UCIA-0213:para-a;UCIA-0213:para-b;UCIA-0213:prior-screen;UCIA-0213:sector,evaluation,uci-audit-v1,1.0.0
UCIA-0214,214,4,2.72,5.65,67.16,72.81,6,27.23,2,0,1,4.8,1,uci_audit_office_post_audit_finding,unplanned_para_discrepancy,standard,UCIA-0214:discrepancy-count;UCIA-0214:history;UCIA-0214:money-value;UCIA-0214:para-a;UCIA-0214:para-b;UCIA-0214:prior-screen;UCIA-0214:sector,evaluation,uci-audit-v1,1.0.0
UCIA-0215,215,4,2.72,1.33,0.35,1.68,5,0.0,2,0,1,2.2,0,uci_audit_office_post_audit_finding,cleared_after_flag,hard,UCIA-0215:discrepancy-count;UCIA-0215:history;UCIA-0215:money-value;UCIA-0215:para-a;UCIA-0215:para-b;UCIA-0215:prior-screen;UCIA-0215:sector,evaluation,uci-audit-v1,1.0.0
UCIA-0216,216,31,2.72,5.45,71.09,76.54,5,59.18,2,0,1,4.4,1,uci_audit_office_post_audit_finding,unplanned_para_discrepancy,standard,UCIA-0216:discrepancy-count;UCIA-0216:history;UCIA-0216:money-value;UCIA-0216:para-a;UCIA-0216:para-b;UCIA-0216:prior-screen;UCIA-0216:sector,evaluation,uci-audit-v1,1.0.0
UCIA-0217,217,4,2.72,1.73,5.64,7.37,5,13.35,2,0,1,3.2,1,uci_audit_office_post_audit_finding,misstatement_value,borderline,UCIA-0217:discrepancy-count;UCIA-0217:history;UCIA-0217:money-value;UCIA-0217:para-a;UCIA-0217:para-b;UCIA-0217:prior-screen;UCIA-0217:sector,evaluation,uci-audit-v1,1.0.0
UCIA-0218,218,16,2.72,6.02,135.69,141.71,6,89.64,4,0,1,5.0,1,uci_audit_office_post_audit_finding,unplanned_para_discrepancy,standard,UCIA-0218:discrepancy-count;UCIA-0218:history;UCIA-0218:money-value;UCIA-0218:para-a;UCIA-0218:para-b;UCIA-0218:prior-screen;UCIA-0218:sector,evaluation,uci-audit-v1,1.0.0
UCIA-0219,219,22,2.72,3.22,55.64,58.86,5,80.8,2,0,1,4.2,1,uci_audit_office_post_audit_finding,misstatement_value,standard,UCIA-0219:discrepancy-count;UCIA-0219:history;UCIA-0219:money-value;UCIA-0219:para-a;UCIA-0219:para-b;UCIA-0219:prior-screen;UCIA-0219:sector,development,uci-audit-v1,1.0.0
UCIA-0220,220,16,2.72,2.41,5.28,7.69,5,8.95,4,0,1,3.4,1,uci_audit_office_post_audit_finding,misstatement_value,standard,UCIA-0220:discrepancy-count;UCIA-0220:history;UCIA-0220:money-value;UCIA-0220:para-a;UCIA-0220:para-b;UCIA-0220:prior-screen;UCIA-0220:sector,evaluation,uci-audit-v1,1.0.0
UCIA-0221,221,16,2.72,2.84,64.91,67.75,5,124.59,4,0,1,4.6,1,uci_audit_office_post_audit_finding,misstatement_value,standard,UCIA-0221:discrepancy-count;UCIA-0221:history;UCIA-0221:money-value;UCIA-0221:para-a;UCIA-0221:para-b;UCIA-0221:prior-screen;UCIA-0221:sector,evaluation,uci-audit-v1,1.0.0
UCIA-0222,222,16,2.72,1.75,0.57,2.32,5,0.0,4,0,1,2.4,1,uci_audit_office_post_audit_finding,historical_record,borderline,UCIA-0222:discrepancy-count;UCIA-0222:history;UCIA-0222:money-value;UCIA-0222:para-a;UCIA-0222:para-b;UCIA-0222:prior-screen;UCIA-0222:sector,evaluation,uci-audit-v1,1.0.0
UCIA-0223,223,16,2.72,2.18,30.81,32.99,5,5.8,4,0,1,4.0,1,uci_audit_office_post_audit_finding,unplanned_para_discrepancy,standard,UCIA-0223:discrepancy-count;UCIA-0223:history;UCIA-0223:money-value;UCIA-0223:para-a;UCIA-0223:para-b;UCIA-0223:prior-screen;UCIA-0223:sector,development,uci-audit-v1,1.0.0
UCIA-0224,224,16,2.72,3.26,2.81,6.07,6,21.6,4,0,1,3.8,1,uci_audit_office_post_audit_finding,misstatement_value,standard,UCIA-0224:discrepancy-count;UCIA-0224:history;UCIA-0224:money-value;UCIA-0224:para-a;UCIA-0224:para-b;UCIA-0224:prior-screen;UCIA-0224:sector,evaluation,uci-audit-v1,1.0.0
UCIA-0225,225,40,2.72,4.43,51.32,55.75,5,145.97,2,0,1,4.4,1,uci_audit_office_post_audit_finding,misstatement_value,standard,UCIA-0225:discrepancy-count;UCIA-0225:history;UCIA-0225:money-value;UCIA-0225:para-a;UCIA-0225:para-b;UCIA-0225:prior-screen;UCIA-0225:sector,development,uci-audit-v1,1.0.0
UCIA-0226,226,8,2.72,5.61,99.33,104.94,6,76.47,2,0,1,4.8,1,uci_audit_office_post_audit_finding,unplanned_para_discrepancy,standard,UCIA-0226:discrepancy-count;UCIA-0226:history;UCIA-0226:money-value;UCIA-0226:para-a;UCIA-0226:para-b;UCIA-0226:prior-screen;UCIA-0226:sector,evaluation,uci-audit-v1,1.0.0
UCIA-0227,227,19,2.72,3.9,27.92,31.82,5,47.6,2,0,1,4.0,1,uci_audit_office_post_audit_finding,misstatement_value,standard,UCIA-0227:discrepancy-count;UCIA-0227:history;UCIA-0227:money-value;UCIA-0227:para-a;UCIA-0227:para-b;UCIA-0227:prior-screen;UCIA-0227:sector,development,uci-audit-v1,1.0.0
UCIA-0228,228,19,2.72,2.19,0.68,2.87,5,28.4,2,0,1,2.8,1,uci_audit_office_post_audit_finding,misstatement_value,standard,UCIA-0228:discrepancy-count;UCIA-0228:history;UCIA-0228:money-value;UCIA-0228:para-a;UCIA-0228:para-b;UCIA-0228:prior-screen;UCIA-0228:sector,development,uci-audit-v1,1.0.0
UCIA-0229,229,19,2.72,1.56,14.64,16.2,5,25.97,2,0,1,3.2,1,uci_audit_office_post_audit_finding,misstatement_value,borderline,UCIA-0229:discrepancy-count;UCIA-0229:history;UCIA-0229:money-value;UCIA-0229:para-a;UCIA-0229:para-b;UCIA-0229:prior-screen;UCIA-0229:sector,development,uci-audit-v1,1.0.0
UCIA-0230,230,14,2.72,4.53,87.93,92.46,5,85.81,2,0,1,4.0,1,uci_audit_office_post_audit_finding,unplanned_para_discrepancy,standard,UCIA-0230:discrepancy-count;UCIA-0230:history;UCIA-0230:money-value;UCIA-0230:para-a;UCIA-0230:para-b;UCIA-0230:prior-screen;UCIA-0230:sector,evaluation,uci-audit-v1,1.0.0
UCIA-0231,231,20,2.72,4.97,42.19,47.16,5,45.37,2,0,1,4.4,1,uci_audit_office_post_audit_finding,misstatement_value,standard,UCIA-0231:discrepancy-count;UCIA-0231:history;UCIA-0231:money-value;UCIA-0231:para-a;UCIA-0231:para-b;UCIA-0231:prior-screen;UCIA-0231:sector,evaluation,uci-audit-v1,1.0.0
UCIA-0232,232,19,2.72,2.13,0.59,2.72,5,0.76,2,0,1,2.4,0,uci_audit_office_post_audit_finding,cleared_after_flag,hard,UCIA-0232:discrepancy-count;UCIA-0232:history;UCIA-0232:money-value;UCIA-0232:para-a;UCIA-0232:para-b;UCIA-0232:prior-screen;UCIA-0232:sector,evaluation,uci-audit-v1,1.0.0
UCIA-0233,233,19,2.72,3.66,15.47,19.13,5,1.43,2,0,1,3.6,1,uci_audit_office_post_audit_finding,unplanned_para_discrepancy,standard,UCIA-0233:discrepancy-count;UCIA-0233:history;UCIA-0233:money-value;UCIA-0233:para-a;UCIA-0233:para-b;UCIA-0233:prior-screen;UCIA-0233:sector,evaluation,uci-audit-v1,1.0.0
UCIA-0234,234,19,2.72,1.64,0.19,1.83,5,1.59,2,0,1,2.2,0,uci_audit_office_post_audit_finding,cleared_after_flag,hard,UCIA-0234:discrepancy-count;UCIA-0234:history;UCIA-0234:money-value;UCIA-0234:para-a;UCIA-0234:para-b;UCIA-0234:prior-screen;UCIA-0234:sector,evaluation,uci-audit-v1,1.0.0
UCIA-0235,235,29,2.72,4.9,98.71,103.61,5,82.99,2,1,1,4.6,1,uci_audit_office_post_audit_finding,unplanned_para_discrepancy,standard,UCIA-0235:discrepancy-count;UCIA-0235:history;UCIA-0235:money-value;UCIA-0235:para-a;UCIA-0235:para-b;UCIA-0235:prior-screen;UCIA-0235:sector,evaluation,uci-audit-v1,1.0.0
UCIA-0236,236,32,2.72,5.68,67.38,73.06,5,86.7,2,1,1,4.2,1,uci_audit_office_post_audit_finding,misstatement_value,standard,UCIA-0236:discrepancy-count;UCIA-0236:history;UCIA-0236:money-value;UCIA-0236:para-a;UCIA-0236:para-b;UCIA-0236:prior-screen;UCIA-0236:sector,evaluation,uci-audit-v1,1.0.0
UCIA-0237,237,9,2.72,3.99,92.05,96.04,5,15.14,2,1,1,4.2,1,uci_audit_office_post_audit_finding,unplanned_para_discrepancy,standard,UCIA-0237:discrepancy-count;UCIA-0237:history;UCIA-0237:money-value;UCIA-0237:para-a;UCIA-0237:para-b;UCIA-0237:prior-screen;UCIA-0237:sector,development,uci-audit-v1,1.0.0
UCIA-0238,238,30,2.72,3.47,47.07,50.54,5,31.38,2,0,1,4.0,1,uci_audit_office_post_audit_finding,unplanned_para_discrepancy,standard,UCIA-0238:discrepancy-count;UCIA-0238:history;UCIA-0238:money-value;UCIA-0238:para-a;UCIA-0238:para-b;UCIA-0238:prior-screen;UCIA-0238:sector,evaluation,uci-audit-v1,1.0.0
UCIA-0239,239,15,2.72,2.68,38.32,41.0,5,7.17,2,0,1,3.8,1,uci_audit_office_post_audit_finding,unplanned_para_discrepancy,standard,UCIA-0239:discrepancy-count;UCIA-0239:history;UCIA-0239:money-value;UCIA-0239:para-a;UCIA-0239:para-b;UCIA-0239:prior-screen;UCIA-0239:sector,evaluation,uci-audit-v1,1.0.0
UCIA-0240,240,15,2.72,2.13,42.64,44.77,5,18.24,2,0,1,4.0,1,uci_audit_office_post_audit_finding,unplanned_para_discrepancy,standard,UCIA-0240:discrepancy-count;UCIA-0240:history;UCIA-0240:money-value;UCIA-0240:para-a;UCIA-0240:para-b;UCIA-0240:prior-screen;UCIA-0240:sector,evaluation,uci-audit-v1,1.0.0
UCIA-0241,241,2,2.72,4.28,1264.63,1268.91,5,58.86,6,2,1,5.2,1,uci_audit_office_post_audit_finding,unplanned_para_discrepancy,standard,UCIA-0241:discrepancy-count;UCIA-0241:history;UCIA-0241:money-value;UCIA-0241:para-a;UCIA-0241:para-b;UCIA-0241:prior-screen;UCIA-0241:sector,evaluation,uci-audit-v1,1.0.0
UCIA-0242,242,1,2.72,4.36,33.91,38.27,5,6.06,6,0,1,4.8,1,uci_audit_office_post_audit_finding,unplanned_para_discrepancy,standard,UCIA-0242:discrepancy-count;UCIA-0242:history;UCIA-0242:money-value;UCIA-0242:para-a;UCIA-0242:para-b;UCIA-0242:prior-screen;UCIA-0242:sector,development,uci-audit-v1,1.0.0
UCIA-0243,243,2,2.72,2.23,4.54,6.77,5,22.8,6,0,1,3.2,1,uci_audit_office_post_audit_finding,misstatement_value,standard,UCIA-0243:discrepancy-count;UCIA-0243:history;UCIA-0243:money-value;UCIA-0243:para-a;UCIA-0243:para-b;UCIA-0243:prior-screen;UCIA-0243:sector,development,uci-audit-v1,1.0.0
UCIA-0244,244,12,2.72,2.0,0.32,2.32,5,5.37,2,0,1,2.6,0,uci_audit_office_post_audit_finding,cleared_after_flag,hard,UCIA-0244:discrepancy-count;UCIA-0244:history;UCIA-0244:money-value;UCIA-0244:para-a;UCIA-0244:para-b;UCIA-0244:prior-screen;UCIA-0244:sector,development,uci-audit-v1,1.0.0
UCIA-0245,245,7,2.72,3.04,67.37,70.41,6,77.47,2,0,1,4.8,1,uci_audit_office_post_audit_finding,misstatement_value,standard,UCIA-0245:discrepancy-count;UCIA-0245:history;UCIA-0245:money-value;UCIA-0245:para-a;UCIA-0245:para-b;UCIA-0245:prior-screen;UCIA-0245:sector,development,uci-audit-v1,1.0.0
UCIA-0246,246,22,2.72,1.19,122.07,123.26,5,15.2,2,0,1,3.8,1,uci_audit_office_post_audit_finding,unplanned_para_discrepancy,borderline,UCIA-0246:discrepancy-count;UCIA-0246:history;UCIA-0246:money-value;UCIA-0246:para-a;UCIA-0246:para-b;UCIA-0246:prior-screen;UCIA-0246:sector,evaluation,uci-audit-v1,1.0.0
UCIA-0247,247,1,2.72,1.35,0.0,1.35,6,680.14,2,0,1,3.4,1,uci_audit_office_post_audit_finding,misstatement_value,borderline,UCIA-0247:discrepancy-count;UCIA-0247:history;UCIA-0247:money-value;UCIA-0247:para-a;UCIA-0247:para-b;UCIA-0247:prior-screen;UCIA-0247:sector,development,uci-audit-v1,1.0.0
UCIA-0248,248,1,2.72,1.14,0.0,1.14,5,0.71,2,0,1,2.2,0,uci_audit_office_post_audit_finding,cleared_after_flag,hard,UCIA-0248:discrepancy-count;UCIA-0248:history;UCIA-0248:money-value;UCIA-0248:para-a;UCIA-0248:para-b;UCIA-0248:prior-screen;UCIA-0248:sector,evaluation,uci-audit-v1,1.0.0
UCIA-0249,249,6,2.72,1.51,0.0,1.51,5,0.0,2,0,1,2.2,0,uci_audit_office_post_audit_finding,cleared_after_flag,hard,UCIA-0249:discrepancy-count;UCIA-0249:history;UCIA-0249:money-value;UCIA-0249:para-a;UCIA-0249:para-b;UCIA-0249:prior-screen;UCIA-0249:sector,evaluation,uci-audit-v1,1.0.0
UCIA-0250,250,8,2.72,1.13,0.0,1.13,5,0.0,2,0,1,2.2,0,uci_audit_office_post_audit_finding,cleared_after_flag,hard,UCIA-0250:discrepancy-count;UCIA-0250:history;UCIA-0250:money-value;UCIA-0250:para-a;UCIA-0250:para-b;UCIA-0250:prior-screen;UCIA-0250:sector,evaluation,uci-audit-v1,1.0.0
UCIA-0251,251,5,2.72,1.5,0.0,1.5,5,1.44,2,0,1,2.2,0,uci_audit_office_post_audit_finding,cleared_after_flag,hard,UCIA-0251:discrepancy-count;UCIA-0251:history;UCIA-0251:money-value;UCIA-0251:para-a;UCIA-0251:para-b;UCIA-0251:prior-screen;UCIA-0251:sector,development,uci-audit-v1,1.0.0
UCIA-0252,252,9,2.72,0.96,0.0,0.96,5,0.0,2,0,0,2.0,0,uci_audit_office_post_audit_finding,not_flagged,borderline,UCIA-0252:discrepancy-count;UCIA-0252:history;UCIA-0252:money-value;UCIA-0252:para-a;UCIA-0252:para-b;UCIA-0252:prior-screen;UCIA-0252:sector,development,uci-audit-v1,1.0.0
UCIA-0253,253,12,2.72,1.6,0.0,1.6,5,0.0,2,0,1,2.2,0,uci_audit_office_post_audit_finding,cleared_after_flag,hard,UCIA-0253:discrepancy-count;UCIA-0253:history;UCIA-0253:money-value;UCIA-0253:para-a;UCIA-0253:para-b;UCIA-0253:prior-screen;UCIA-0253:sector,development,uci-audit-v1,1.0.0
UCIA-0254,254,16,2.72,1.34,0.0,1.34,5,0.0,4,0,1,2.4,0,uci_audit_office_post_audit_finding,cleared_after_flag,hard,UCIA-0254:discrepancy-count;UCIA-0254:history;UCIA-0254:money-value;UCIA-0254:para-a;UCIA-0254:para-b;UCIA-0254:prior-screen;UCIA-0254:sector,evaluation,uci-audit-v1,1.0.0
UCIA-0255,255,19,2.72,1.6,0.0,1.6,5,0.06,2,0,1,2.2,0,uci_audit_office_post_audit_finding,cleared_after_flag,hard,UCIA-0255:discrepancy-count;UCIA-0255:history;UCIA-0255:money-value;UCIA-0255:para-a;UCIA-0255:para-b;UCIA-0255:prior-screen;UCIA-0255:sector,development,uci-audit-v1,1.0.0
UCIA-0256,256,11,2.72,1.13,0.0,1.13,5,0.02,2,0,1,2.2,0,uci_audit_office_post_audit_finding,cleared_after_flag,hard,UCIA-0256:discrepancy-count;UCIA-0256:history;UCIA-0256:money-value;UCIA-0256:para-a;UCIA-0256:para-b;UCIA-0256:prior-screen;UCIA-0256:sector,evaluation,uci-audit-v1,1.0.0
UCIA-0257,257,4,2.72,0.0,0.0,0.0,5,0.0,2,0,0,2.0,0,uci_audit_office_post_audit_finding,not_flagged,easy,UCIA-0257:discrepancy-count;UCIA-0257:history;UCIA-0257:money-value;UCIA-0257:para-a;UCIA-0257:para-b;UCIA-0257:prior-screen;UCIA-0257:sector,development,uci-audit-v1,1.0.0
UCIA-0258,258,9,2.72,0.0,0.0,0.0,5,0.0,2,0,0,2.0,0,uci_audit_office_post_audit_finding,not_flagged,easy,UCIA-0258:discrepancy-count;UCIA-0258:history;UCIA-0258:money-value;UCIA-0258:para-a;UCIA-0258:para-b;UCIA-0258:prior-screen;UCIA-0258:sector,evaluation,uci-audit-v1,1.0.0
UCIA-0259,259,12,2.72,0.77,0.0,0.77,5,4.6,2,0,0,2.0,0,uci_audit_office_post_audit_finding,not_flagged,borderline,UCIA-0259:discrepancy-count;UCIA-0259:history;UCIA-0259:money-value;UCIA-0259:para-a;UCIA-0259:para-b;UCIA-0259:prior-screen;UCIA-0259:sector,evaluation,uci-audit-v1,1.0.0
UCIA-0260,260,12,2.72,1.05,0.0,1.05,5,0.0,2,0,1,2.2,0,uci_audit_office_post_audit_finding,cleared_after_flag,hard,UCIA-0260:discrepancy-count;UCIA-0260:history;UCIA-0260:money-value;UCIA-0260:para-a;UCIA-0260:para-b;UCIA-0260:prior-screen;UCIA-0260:sector,evaluation,uci-audit-v1,1.0.0
UCIA-0261,261,19,2.72,0.0,0.0,0.0,5,0.0,2,0,0,2.0,0,uci_audit_office_post_audit_finding,not_flagged,easy,UCIA-0261:discrepancy-count;UCIA-0261:history;UCIA-0261:money-value;UCIA-0261:para-a;UCIA-0261:para-b;UCIA-0261:prior-screen;UCIA-0261:sector,development,uci-audit-v1,1.0.0
UCIA-0262,262,22,2.72,0.0,0.0,0.0,5,30.85,2,0,1,2.4,1,uci_audit_office_post_audit_finding,misstatement_value,standard,UCIA-0262:discrepancy-count;UCIA-0262:history;UCIA-0262:money-value;UCIA-0262:para-a;UCIA-0262:para-b;UCIA-0262:prior-screen;UCIA-0262:sector,development,uci-audit-v1,1.0.0
UCIA-0263,263,16,2.72,0.0,0.0,0.0,5,0.0,4,0,1,2.2,0,uci_audit_office_post_audit_finding,cleared_after_flag,hard,UCIA-0263:discrepancy-count;UCIA-0263:history;UCIA-0263:money-value;UCIA-0263:para-a;UCIA-0263:para-b;UCIA-0263:prior-screen;UCIA-0263:sector,development,uci-audit-v1,1.0.0
UCIA-0264,264,15,2.72,0.0,0.0,0.0,5,0.0,2,0,0,2.0,0,uci_audit_office_post_audit_finding,not_flagged,easy,UCIA-0264:discrepancy-count;UCIA-0264:history;UCIA-0264:money-value;UCIA-0264:para-a;UCIA-0264:para-b;UCIA-0264:prior-screen;UCIA-0264:sector,development,uci-audit-v1,1.0.0
UCIA-0265,265,15,2.72,0.0,0.0,0.0,5,0.0,2,0,0,2.0,0,uci_audit_office_post_audit_finding,not_flagged,easy,UCIA-0265:discrepancy-count;UCIA-0265:history;UCIA-0265:money-value;UCIA-0265:para-a;UCIA-0265:para-b;UCIA-0265:prior-screen;UCIA-0265:sector,development,uci-audit-v1,1.0.0
UCIA-0266,266,32,2.72,0.84,0.0,0.84,5,8.21,2,0,1,2.2,0,uci_audit_office_post_audit_finding,cleared_after_flag,hard,UCIA-0266:discrepancy-count;UCIA-0266:history;UCIA-0266:money-value;UCIA-0266:para-a;UCIA-0266:para-b;UCIA-0266:prior-screen;UCIA-0266:sector,development,uci-audit-v1,1.0.0
UCIA-0267,267,13,2.72,0.0,0.0,0.0,5,0.0,2,0,0,2.0,0,uci_audit_office_post_audit_finding,not_flagged,easy,UCIA-0267:discrepancy-count;UCIA-0267:history;UCIA-0267:money-value;UCIA-0267:para-a;UCIA-0267:para-b;UCIA-0267:prior-screen;UCIA-0267:sector,evaluation,uci-audit-v1,1.0.0
UCIA-0268,268,19,2.72,0.85,0.0,0.85,5,0.0,2,0,0,2.0,0,uci_audit_office_post_audit_finding,not_flagged,borderline,UCIA-0268:discrepancy-count;UCIA-0268:history;UCIA-0268:money-value;UCIA-0268:para-a;UCIA-0268:para-b;UCIA-0268:prior-screen;UCIA-0268:sector,development,uci-audit-v1,1.0.0
UCIA-0269,269,5,2.72,0.0,0.28,0.28,5,0.0,2,0,0,2.0,0,uci_audit_office_post_audit_finding,not_flagged,easy,UCIA-0269:discrepancy-count;UCIA-0269:history;UCIA-0269:money-value;UCIA-0269:para-a;UCIA-0269:para-b;UCIA-0269:prior-screen;UCIA-0269:sector,evaluation,uci-audit-v1,1.0.0
UCIA-0270,270,6,2.72,0.61,0.07,0.68,5,0.0,2,0,0,2.0,0,uci_audit_office_post_audit_finding,not_flagged,easy,UCIA-0270:discrepancy-count;UCIA-0270:history;UCIA-0270:money-value;UCIA-0270:para-a;UCIA-0270:para-b;UCIA-0270:prior-screen;UCIA-0270:sector,evaluation,uci-audit-v1,1.0.0
UCIA-0271,271,8,2.72,0.0,0.62,0.62,5,0.0,2,0,0,2.0,0,uci_audit_office_post_audit_finding,not_flagged,easy,UCIA-0271:discrepancy-count;UCIA-0271:history;UCIA-0271:money-value;UCIA-0271:para-a;UCIA-0271:para-b;UCIA-0271:prior-screen;UCIA-0271:sector,evaluation,uci-audit-v1,1.0.0
UCIA-0272,272,18,2.37,3.43,1.0,4.43,5,49.31,2,1,1,4.2,1,uci_audit_office_post_audit_finding,misstatement_value,standard,UCIA-0272:discrepancy-count;UCIA-0272:history;UCIA-0272:money-value;UCIA-0272:para-a;UCIA-0272:para-b;UCIA-0272:prior-screen;UCIA-0272:sector,development,uci-audit-v1,1.0.0
UCIA-0273,273,11,2.37,1.63,5.86,7.49,5,3.69,2,0,1,3.4,1,uci_audit_office_post_audit_finding,unplanned_para_discrepancy,borderline,UCIA-0273:discrepancy-count;UCIA-0273:history;UCIA-0273:money-value;UCIA-0273:para-a;UCIA-0273:para-b;UCIA-0273:prior-screen;UCIA-0273:sector,development,uci-audit-v1,1.0.0
UCIA-0274,274,1,2.37,3.75,1.25,5.0,6,11.25,6,0,1,4.6,1,uci_audit_office_post_audit_finding,misstatement_value,standard,UCIA-0274:discrepancy-count;UCIA-0274:history;UCIA-0274:money-value;UCIA-0274:para-a;UCIA-0274:para-b;UCIA-0274:prior-screen;UCIA-0274:sector,evaluation,uci-audit-v1,1.0.0
UCIA-0275,275,8,2.37,2.29,2.64,4.93,5,3.08,2,0,1,3.6,0,uci_audit_office_post_audit_finding,cleared_after_flag,hard,UCIA-0275:discrepancy-count;UCIA-0275:history;UCIA-0275:money-value;UCIA-0275:para-a;UCIA-0275:para-b;UCIA-0275:prior-screen;UCIA-0275:sector,evaluation,uci-audit-v1,1.0.0
UCIA-0276,276,6,2.37,2.51,8.59,11.1,5,16.03,2,5,1,4.8,1,uci_audit_office_post_audit_finding,misstatement_value,standard,UCIA-0276:discrepancy-count;UCIA-0276:history;UCIA-0276:money-value;UCIA-0276:para-a;UCIA-0276:para-b;UCIA-0276:prior-screen;UCIA-0276:sector,development,uci-audit-v1,1.0.0
UCIA-0277,277,16,2.37,2.21,5.21,7.42,5,3.43,2,0,1,3.6,1,uci_audit_office_post_audit_finding,unplanned_para_discrepancy,standard,UCIA-0277:discrepancy-count;UCIA-0277:history;UCIA-0277:money-value;UCIA-0277:para-a;UCIA-0277:para-b;UCIA-0277:prior-screen;UCIA-0277:sector,development,uci-audit-v1,1.0.0
UCIA-0278,278,12,2.37,2.22,6.23,8.45,5,0.89,2,0,1,3.6,1,uci_audit_office_post_audit_finding,unplanned_para_discrepancy,standard,UCIA-0278:discrepancy-count;UCIA-0278:history;UCIA-0278:money-value;UCIA-0278:para-a;UCIA-0278:para-b;UCIA-0278:prior-screen;UCIA-0278:sector,development,uci-audit-v1,1.0.0
UCIA-0279,279,9,2.37,1.67,0.39,2.06,5,1.43,2,0,1,2.2,0,uci_audit_office_post_audit_finding,cleared_after_flag,hard,UCIA-0279:discrepancy-count;UCIA-0279:history;UCIA-0279:money-value;UCIA-0279:para-a;UCIA-0279:para-b;UCIA-0279:prior-screen;UCIA-0279:sector,development,uci-audit-v1,1.0.0
UCIA-0280,280,13,2.37,2.59,0.66,3.25,5,1.28,2,0,1,2.4,0,uci_audit_office_post_audit_finding,cleared_after_flag,hard,UCIA-0280:discrepancy-count;UCIA-0280:history;UCIA-0280:money-value;UCIA-0280:para-a;UCIA-0280:para-b;UCIA-0280:prior-screen;UCIA-0280:sector,development,uci-audit-v1,1.0.0
UCIA-0281,281,22,2.37,2.39,7.72,10.11,5,5.42,2,1,1,4.0,1,uci_audit_office_post_audit_finding,unplanned_para_discrepancy,standard,UCIA-0281:discrepancy-count;UCIA-0281:history;UCIA-0281:money-value;UCIA-0281:para-a;UCIA-0281:para-b;UCIA-0281:prior-screen;UCIA-0281:sector,evaluation,uci-audit-v1,1.0.0
UCIA-0282,282,32,2.37,3.42,10.55,13.97,5,6.96,2,0,1,3.8,1,uci_audit_office_post_audit_finding,unplanned_para_discrepancy,standard,UCIA-0282:discrepancy-count;UCIA-0282:history;UCIA-0282:money-value;UCIA-0282:para-a;UCIA-0282:para-b;UCIA-0282:prior-screen;UCIA-0282:sector,development,uci-audit-v1,1.0.0
UCIA-0283,283,27,2.37,3.61,2.13,5.74,5,5.41,2,2,1,4.4,1,uci_audit_office_post_audit_finding,misstatement_value,standard,UCIA-0283:discrepancy-count;UCIA-0283:history;UCIA-0283:money-value;UCIA-0283:para-a;UCIA-0283:para-b;UCIA-0283:prior-screen;UCIA-0283:sector,development,uci-audit-v1,1.0.0
UCIA-0284,284,4,2.37,1.86,4.51,6.37,5,7.27,2,0,1,3.6,1,uci_audit_office_post_audit_finding,misstatement_value,borderline,UCIA-0284:discrepancy-count;UCIA-0284:history;UCIA-0284:money-value;UCIA-0284:para-a;UCIA-0284:para-b;UCIA-0284:prior-screen;UCIA-0284:sector,evaluation,uci-audit-v1,1.0.0
UCIA-0285,285,19,2.37,1.9,7.97,9.87,5,8.6,2,1,1,3.8,1,uci_audit_office_post_audit_finding,misstatement_value,borderline,UCIA-0285:discrepancy-count;UCIA-0285:history;UCIA-0285:money-value;UCIA-0285:para-a;UCIA-0285:para-b;UCIA-0285:prior-screen;UCIA-0285:sector,evaluation,uci-audit-v1,1.0.0
UCIA-0286,286,14,2.37,3.29,6.41,9.7,5,3.66,2,0,1,3.6,1,uci_audit_office_post_audit_finding,unplanned_para_discrepancy,standard,UCIA-0286:discrepancy-count;UCIA-0286:history;UCIA-0286:money-value;UCIA-0286:para-a;UCIA-0286:para-b;UCIA-0286:prior-screen;UCIA-0286:sector,development,uci-audit-v1,1.0.0
UCIA-0287,287,15,2.37,2.6,1.14,3.74,5,8.76,2,1,1,3.4,1,uci_audit_office_post_audit_finding,misstatement_value,standard,UCIA-0287:discrepancy-count;UCIA-0287:history;UCIA-0287:money-value;UCIA-0287:para-a;UCIA-0287:para-b;UCIA-0287:prior-screen;UCIA-0287:sector,development,uci-audit-v1,1.0.0
UCIA-0288,288,8,2.37,3.81,11.52,15.33,5,3.25,4,0,1,3.8,1,uci_audit_office_post_audit_finding,unplanned_para_discrepancy,standard,UCIA-0288:discrepancy-count;UCIA-0288:history;UCIA-0288:money-value;UCIA-0288:para-a;UCIA-0288:para-b;UCIA-0288:prior-screen;UCIA-0288:sector,evaluation,uci-audit-v1,1.0.0
UCIA-0289,289,9,2.37,2.1,5.06,7.16,5,5.41,2,0,1,3.8,1,uci_audit_office_post_audit_finding,misstatement_value,standard,UCIA-0289:discrepancy-count;UCIA-0289:history;UCIA-0289:money-value;UCIA-0289:para-a;UCIA-0289:para-b;UCIA-0289:prior-screen;UCIA-0289:sector,evaluation,uci-audit-v1,1.0.0
UCIA-0290,290,5,2.37,2.22,3.4,5.62,5,26.28,2,1,1,4.2,1,uci_audit_office_post_audit_finding,misstatement_value,standard,UCIA-0290:discrepancy-count;UCIA-0290:history;UCIA-0290:money-value;UCIA-0290:para-a;UCIA-0290:para-b;UCIA-0290:prior-screen;UCIA-0290:sector,evaluation,uci-audit-v1,1.0.0
UCIA-0291,291,31,2.37,0.96,0.12,1.08,5,0.22,2,0,0,2.0,0,uci_audit_office_post_audit_finding,not_flagged,borderline,UCIA-0291:discrepancy-count;UCIA-0291:history;UCIA-0291:money-value;UCIA-0291:para-a;UCIA-0291:para-b;UCIA-0291:prior-screen;UCIA-0291:sector,evaluation,uci-audit-v1,1.0.0
UCIA-0292,292,38,2.37,0.81,4.6,5.41,5,1.82,2,0,1,3.2,0,uci_audit_office_post_audit_finding,cleared_after_flag,hard,UCIA-0292:discrepancy-count;UCIA-0292:history;UCIA-0292:money-value;UCIA-0292:para-a;UCIA-0292:para-b;UCIA-0292:prior-screen;UCIA-0292:sector,evaluation,uci-audit-v1,1.0.0
UCIA-0293,293,8,2.37,1.25,0.02,1.27,5,0.82,2,0,1,2.2,0,uci_audit_office_post_audit_finding,cleared_after_flag,hard,UCIA-0293:discrepancy-count;UCIA-0293:history;UCIA-0293:money-value;UCIA-0293:para-a;UCIA-0293:para-b;UCIA-0293:prior-screen;UCIA-0293:sector,development,uci-audit-v1,1.0.0
UCIA-0294,294,12,2.37,1.65,0.02,1.67,5,27.99,2,0,1,2.6,1,uci_audit_office_post_audit_finding,misstatement_value,borderline,UCIA-0294:discrepancy-count;UCIA-0294:history;UCIA-0294:money-value;UCIA-0294:para-a;UCIA-0294:para-b;UCIA-0294:prior-screen;UCIA-0294:sector,development,uci-audit-v1,1.0.0
UCIA-0295,295,18,2.37,1.65,0.02,1.67,5,2.47,2,0,1,2.2,0,uci_audit_office_post_audit_finding,cleared_after_flag,hard,UCIA-0295:discrepancy-count;UCIA-0295:history;UCIA-0295:money-value;UCIA-0295:para-a;UCIA-0295:para-b;UCIA-0295:prior-screen;UCIA-0295:sector,evaluation,uci-audit-v1,1.0.0
UCIA-0296,296,19,2.37,2.13,0.11,2.24,5,7.54,2,0,1,2.6,1,uci_audit_office_post_audit_finding,misstatement_value,standard,UCIA-0296:discrepancy-count;UCIA-0296:history;UCIA-0296:money-value;UCIA-0296:para-a;UCIA-0296:para-b;UCIA-0296:prior-screen;UCIA-0296:sector,evaluation,uci-audit-v1,1.0.0
UCIA-0297,297,28,2.37,0.44,0.02,0.46,5,27.1,6,0,1,2.8,1,uci_audit_office_post_audit_finding,misstatement_value,standard,UCIA-0297:discrepancy-count;UCIA-0297:history;UCIA-0297:money-value;UCIA-0297:para-a;UCIA-0297:para-b;UCIA-0297:prior-screen;UCIA-0297:sector,development,uci-audit-v1,1.0.0
UCIA-0298,298,28,2.37,1.31,0.12,1.43,5,0.0,6,0,1,3.0,1,uci_audit_office_post_audit_finding,historical_record,borderline,UCIA-0298:discrepancy-count;UCIA-0298:history;UCIA-0298:money-value;UCIA-0298:para-a;UCIA-0298:para-b;UCIA-0298:prior-screen;UCIA-0298:sector,development,uci-audit-v1,1.0.0
UCIA-0299,299,12,2.37,0.39,0.14,0.53,5,0.58,2,0,0,2.0,0,uci_audit_office_post_audit_finding,not_flagged,easy,UCIA-0299:discrepancy-count;UCIA-0299:history;UCIA-0299:money-value;UCIA-0299:para-a;UCIA-0299:para-b;UCIA-0299:prior-screen;UCIA-0299:sector,development,uci-audit-v1,1.0.0
UCIA-0300,300,19,2.37,1.0,1.1,2.1,5,0.0,2,0,1,2.8,0,uci_audit_office_post_audit_finding,cleared_after_flag,hard,UCIA-0300:discrepancy-count;UCIA-0300:history;UCIA-0300:money-value;UCIA-0300:para-a;UCIA-0300:para-b;UCIA-0300:prior-screen;UCIA-0300:sector,development,uci-audit-v1,1.0.0
UCIA-0301,301,12,2.37,0.42,0.27,0.69,5,0.0,2,0,0,2.0,0,uci_audit_office_post_audit_finding,not_flagged,easy,UCIA-0301:discrepancy-count;UCIA-0301:history;UCIA-0301:money-value;UCIA-0301:para-a;UCIA-0301:para-b;UCIA-0301:prior-screen;UCIA-0301:sector,development,uci-audit-v1,1.0.0
UCIA-0302,302,6,2.37,1.07,0.59,1.66,5,0.0,2,0,1,2.2,0,uci_audit_office_post_audit_finding,cleared_after_flag,hard,UCIA-0302:discrepancy-count;UCIA-0302:history;UCIA-0302:money-value;UCIA-0302:para-a;UCIA-0302:para-b;UCIA-0302:prior-screen;UCIA-0302:sector,development,uci-audit-v1,1.0.0
UCIA-0303,303,28,2.37,1.29,0.25,1.54,5,0.0,2,0,1,2.2,0,uci_audit_office_post_audit_finding,cleared_after_flag,hard,UCIA-0303:discrepancy-count;UCIA-0303:history;UCIA-0303:money-value;UCIA-0303:para-a;UCIA-0303:para-b;UCIA-0303:prior-screen;UCIA-0303:sector,development,uci-audit-v1,1.0.0
UCIA-0304,304,5,2.37,0.02,0.87,0.89,5,0.04,2,0,0,2.0,0,uci_audit_office_post_audit_finding,not_flagged,easy,UCIA-0304:discrepancy-count;UCIA-0304:history;UCIA-0304:money-value;UCIA-0304:para-a;UCIA-0304:para-b;UCIA-0304:prior-screen;UCIA-0304:sector,evaluation,uci-audit-v1,1.0.0
UCIA-0305,305,6,2.37,1.46,0.55,2.01,5,0.67,2,0,1,2.2,0,uci_audit_office_post_audit_finding,cleared_after_flag,hard,UCIA-0305:discrepancy-count;UCIA-0305:history;UCIA-0305:money-value;UCIA-0305:para-a;UCIA-0305:para-b;UCIA-0305:prior-screen;UCIA-0305:sector,evaluation,uci-audit-v1,1.0.0
UCIA-0306,306,19,2.37,0.84,0.06,0.9,5,0.72,2,0,0,2.0,0,uci_audit_office_post_audit_finding,not_flagged,borderline,UCIA-0306:discrepancy-count;UCIA-0306:history;UCIA-0306:money-value;UCIA-0306:para-a;UCIA-0306:para-b;UCIA-0306:prior-screen;UCIA-0306:sector,evaluation,uci-audit-v1,1.0.0
UCIA-0307,307,8,2.37,0.66,1.37,2.03,5,0.84,4,0,1,2.8,1,uci_audit_office_post_audit_finding,historical_record,standard,UCIA-0307:discrepancy-count;UCIA-0307:history;UCIA-0307:money-value;UCIA-0307:para-a;UCIA-0307:para-b;UCIA-0307:prior-screen;UCIA-0307:sector,evaluation,uci-audit-v1,1.0.0
UCIA-0308,308,8,2.37,0.53,5.4,5.93,5,0.72,2,0,1,3.2,0,uci_audit_office_post_audit_finding,cleared_after_flag,hard,UCIA-0308:discrepancy-count;UCIA-0308:history;UCIA-0308:money-value;UCIA-0308:para-a;UCIA-0308:para-b;UCIA-0308:prior-screen;UCIA-0308:sector,development,uci-audit-v1,1.0.0
UCIA-0309,309,6,2.37,0.39,0.47,0.86,5,0.0,2,0,0,2.0,0,uci_audit_office_post_audit_finding,not_flagged,easy,UCIA-0309:discrepancy-count;UCIA-0309:history;UCIA-0309:money-value;UCIA-0309:para-a;UCIA-0309:para-b;UCIA-0309:prior-screen;UCIA-0309:sector,evaluation,uci-audit-v1,1.0.0
UCIA-0310,310,19,2.37,0.51,0.47,0.98,5,0.0,2,0,0,2.0,0,uci_audit_office_post_audit_finding,not_flagged,easy,UCIA-0310:discrepancy-count;UCIA-0310:history;UCIA-0310:money-value;UCIA-0310:para-a;UCIA-0310:para-b;UCIA-0310:prior-screen;UCIA-0310:sector,development,uci-audit-v1,1.0.0
UCIA-0311,311,12,2.37,0.47,0.29,0.76,5,0.07,2,0,0,2.0,0,uci_audit_office_post_audit_finding,not_flagged,easy,UCIA-0311:discrepancy-count;UCIA-0311:history;UCIA-0311:money-value;UCIA-0311:para-a;UCIA-0311:para-b;UCIA-0311:prior-screen;UCIA-0311:sector,evaluation,uci-audit-v1,1.0.0
UCIA-0312,312,35,2.37,3.35,0.99,4.34,5,0.12,2,0,1,2.4,0,uci_audit_office_post_audit_finding,cleared_after_flag,hard,UCIA-0312:discrepancy-count;UCIA-0312:history;UCIA-0312:money-value;UCIA-0312:para-a;UCIA-0312:para-b;UCIA-0312:prior-screen;UCIA-0312:sector,development,uci-audit-v1,1.0.0
UCIA-0313,313,28,2.37,0.32,0.49,0.81,5,6.73,6,0,1,2.6,1,uci_audit_office_post_audit_finding,misstatement_value,standard,UCIA-0313:discrepancy-count;UCIA-0313:history;UCIA-0313:money-value;UCIA-0313:para-a;UCIA-0313:para-b;UCIA-0313:prior-screen;UCIA-0313:sector,development,uci-audit-v1,1.0.0
UCIA-0314,314,28,2.37,0.51,0.0,0.51,5,0.0,6,0,1,2.4,1,uci_audit_office_post_audit_finding,historical_record,standard,UCIA-0314:discrepancy-count;UCIA-0314:history;UCIA-0314:money-value;UCIA-0314:para-a;UCIA-0314:para-b;UCIA-0314:prior-screen;UCIA-0314:sector,development,uci-audit-v1,1.0.0
UCIA-0315,315,4,2.37,0.0,0.0,0.0,5,0.05,2,0,0,2.0,0,uci_audit_office_post_audit_finding,not_flagged,easy,UCIA-0315:discrepancy-count;UCIA-0315:history;UCIA-0315:money-value;UCIA-0315:para-a;UCIA-0315:para-b;UCIA-0315:prior-screen;UCIA-0315:sector,development,uci-audit-v1,1.0.0
UCIA-0316,316,9,2.37,0.31,0.69,1.0,5,0.0,2,0,0,2.0,0,uci_audit_office_post_audit_finding,not_flagged,easy,UCIA-0316:discrepancy-count;UCIA-0316:history;UCIA-0316:money-value;UCIA-0316:para-a;UCIA-0316:para-b;UCIA-0316:prior-screen;UCIA-0316:sector,evaluation,uci-audit-v1,1.0.0
UCIA-0317,317,32,2.37,0.61,1.54,2.15,5,0.57,2,0,1,2.6,0,uci_audit_office_post_audit_finding,cleared_after_flag,hard,UCIA-0317:discrepancy-count;UCIA-0317:history;UCIA-0317:money-value;UCIA-0317:para-a;UCIA-0317:para-b;UCIA-0317:prior-screen;UCIA-0317:sector,development,uci-audit-v1,1.0.0
UCIA-0318,318,5,2.37,0.26,0.17,0.43,5,0.0,2,0,0,2.0,0,uci_audit_office_post_audit_finding,not_flagged,easy,UCIA-0318:discrepancy-count;UCIA-0318:history;UCIA-0318:money-value;UCIA-0318:para-a;UCIA-0318:para-b;UCIA-0318:prior-screen;UCIA-0318:sector,evaluation,uci-audit-v1,1.0.0
UCIA-0319,319,2,2.37,0.73,0.05,0.78,5,6.14,6,0,1,2.6,1,uci_audit_office_post_audit_finding,misstatement_value,borderline,UCIA-0319:discrepancy-count;UCIA-0319:history;UCIA-0319:money-value;UCIA-0319:para-a;UCIA-0319:para-b;UCIA-0319:prior-screen;UCIA-0319:sector,evaluation,uci-audit-v1,1.0.0
UCIA-0320,320,2,2.37,0.0,0.0,0.0,5,0.0,6,0,1,2.4,1,uci_audit_office_post_audit_finding,historical_record,standard,UCIA-0320:discrepancy-count;UCIA-0320:history;UCIA-0320:money-value;UCIA-0320:para-a;UCIA-0320:para-b;UCIA-0320:prior-screen;UCIA-0320:sector,evaluation,uci-audit-v1,1.0.0
UCIA-0321,321,16,2.37,1.27,1.01,2.28,5,1.15,2,0,1,2.8,0,uci_audit_office_post_audit_finding,cleared_after_flag,hard,UCIA-0321:discrepancy-count;UCIA-0321:history;UCIA-0321:money-value;UCIA-0321:para-a;UCIA-0321:para-b;UCIA-0321:prior-screen;UCIA-0321:sector,evaluation,uci-audit-v1,1.0.0
UCIA-0322,322,19,2.37,1.62,0.49,2.11,5,0.0,2,0,1,2.2,0,uci_audit_office_post_audit_finding,cleared_after_flag,hard,UCIA-0322:discrepancy-count;UCIA-0322:history;UCIA-0322:money-value;UCIA-0322:para-a;UCIA-0322:para-b;UCIA-0322:prior-screen;UCIA-0322:sector,development,uci-audit-v1,1.0.0
UCIA-0323,323,5,2.37,1.54,0.46,2.0,5,0.57,2,0,1,2.2,0,uci_audit_office_post_audit_finding,cleared_after_flag,hard,UCIA-0323:discrepancy-count;UCIA-0323:history;UCIA-0323:money-value;UCIA-0323:para-a;UCIA-0323:para-b;UCIA-0323:prior-screen;UCIA-0323:sector,development,uci-audit-v1,1.0.0
UCIA-0324,324,2,2.37,2.18,0.93,3.11,5,0.0,6,0,1,2.8,1,uci_audit_office_post_audit_finding,historical_record,standard,UCIA-0324:discrepancy-count;UCIA-0324:history;UCIA-0324:money-value;UCIA-0324:para-a;UCIA-0324:para-b;UCIA-0324:prior-screen;UCIA-0324:sector,evaluation,uci-audit-v1,1.0.0
UCIA-0325,325,2,2.37,7.59,1.47,9.06,5,36.29,6,0,1,4.2,1,uci_audit_office_post_audit_finding,misstatement_value,standard,UCIA-0325:discrepancy-count;UCIA-0325:history;UCIA-0325:money-value;UCIA-0325:para-a;UCIA-0325:para-b;UCIA-0325:prior-screen;UCIA-0325:sector,development,uci-audit-v1,1.0.0
UCIA-0326,326,2,2.37,0.76,0.34,1.1,5,0.0,6,0,1,2.4,1,uci_audit_office_post_audit_finding,historical_record,borderline,UCIA-0326:discrepancy-count;UCIA-0326:history;UCIA-0326:money-value;UCIA-0326:para-a;UCIA-0326:para-b;UCIA-0326:prior-screen;UCIA-0326:sector,development,uci-audit-v1,1.0.0
UCIA-0327,327,16,2.37,0.38,0.85,1.23,5,0.04,2,0,0,2.0,0,uci_audit_office_post_audit_finding,not_flagged,easy,UCIA-0327:discrepancy-count;UCIA-0327:history;UCIA-0327:money-value;UCIA-0327:para-a;UCIA-0327:para-b;UCIA-0327:prior-screen;UCIA-0327:sector,development,uci-audit-v1,1.0.0
UCIA-0328,328,5,2.37,1.29,0.13,1.42,5,0.0,2,0,1,2.2,0,uci_audit_office_post_audit_finding,cleared_after_flag,hard,UCIA-0328:discrepancy-count;UCIA-0328:history;UCIA-0328:money-value;UCIA-0328:para-a;UCIA-0328:para-b;UCIA-0328:prior-screen;UCIA-0328:sector,development,uci-audit-v1,1.0.0
UCIA-0329,329,19,2.37,1.99,0.63,2.62,5,0.0,2,0,1,2.2,0,uci_audit_office_post_audit_finding,cleared_after_flag,hard,UCIA-0329:discrepancy-count;UCIA-0329:history;UCIA-0329:money-value;UCIA-0329:para-a;UCIA-0329:para-b;UCIA-0329:prior-screen;UCIA-0329:sector,development,uci-audit-v1,1.0.0
UCIA-0330,330,31,2.37,0.0,0.0,0.0,5,0.0,2,0,0,2.0,0,uci_audit_office_post_audit_finding,not_flagged,easy,UCIA-0330:discrepancy-count;UCIA-0330:history;UCIA-0330:money-value;UCIA-0330:para-a;UCIA-0330:para-b;UCIA-0330:prior-screen;UCIA-0330:sector,development,uci-audit-v1,1.0.0
UCIA-0331,331,4,2.37,0.02,0.05,0.07,5,0.0,2,0,0,2.0,0,uci_audit_office_post_audit_finding,not_flagged,easy,UCIA-0331:discrepancy-count;UCIA-0331:history;UCIA-0331:money-value;UCIA-0331:para-a;UCIA-0331:para-b;UCIA-0331:prior-screen;UCIA-0331:sector,evaluation,uci-audit-v1,1.0.0
UCIA-0332,332,5,2.37,0.14,0.08,0.22,5,0.0,2,0,0,2.0,0,uci_audit_office_post_audit_finding,not_flagged,easy,UCIA-0332:discrepancy-count;UCIA-0332:history;UCIA-0332:money-value;UCIA-0332:para-a;UCIA-0332:para-b;UCIA-0332:prior-screen;UCIA-0332:sector,evaluation,uci-audit-v1,1.0.0
UCIA-0333,333,18,2.37,0.09,0.0,0.09,5,0.0,2,0,0,2.0,0,uci_audit_office_post_audit_finding,not_flagged,easy,UCIA-0333:discrepancy-count;UCIA-0333:history;UCIA-0333:money-value;UCIA-0333:para-a;UCIA-0333:para-b;UCIA-0333:prior-screen;UCIA-0333:sector,development,uci-audit-v1,1.0.0
UCIA-0334,334,9,2.37,0.0,0.0,0.0,5,0.0,2,0,0,2.0,0,uci_audit_office_post_audit_finding,not_flagged,easy,UCIA-0334:discrepancy-count;UCIA-0334:history;UCIA-0334:money-value;UCIA-0334:para-a;UCIA-0334:para-b;UCIA-0334:prior-screen;UCIA-0334:sector,evaluation,uci-audit-v1,1.0.0
UCIA-0335,335,32,2.37,0.0,0.0,0.0,5,0.0,2,0,0,2.0,0,uci_audit_office_post_audit_finding,not_flagged,easy,UCIA-0335:discrepancy-count;UCIA-0335:history;UCIA-0335:money-value;UCIA-0335:para-a;UCIA-0335:para-b;UCIA-0335:prior-screen;UCIA-0335:sector,development,uci-audit-v1,1.0.0
UCIA-0336,336,16,2.37,0.01,0.007,0.017,5,0.0,2,0,0,2.0,0,uci_audit_office_post_audit_finding,not_flagged,easy,UCIA-0336:discrepancy-count;UCIA-0336:history;UCIA-0336:money-value;UCIA-0336:para-a;UCIA-0336:para-b;UCIA-0336:prior-screen;UCIA-0336:sector,evaluation,uci-audit-v1,1.0.0
UCIA-0337,337,16,2.37,0.17,0.04,0.21,5,0.0,2,0,0,2.0,0,uci_audit_office_post_audit_finding,not_flagged,easy,UCIA-0337:discrepancy-count;UCIA-0337:history;UCIA-0337:money-value;UCIA-0337:para-a;UCIA-0337:para-b;UCIA-0337:prior-screen;UCIA-0337:sector,evaluation,uci-audit-v1,1.0.0
UCIA-0338,338,2,2.37,1.66,0.83,2.49,5,0.31,6,0,1,2.6,1,uci_audit_office_post_audit_finding,historical_record,borderline,UCIA-0338:discrepancy-count;UCIA-0338:history;UCIA-0338:money-value;UCIA-0338:para-a;UCIA-0338:para-b;UCIA-0338:prior-screen;UCIA-0338:sector,development,uci-audit-v1,1.0.0
UCIA-0339,339,2,2.37,0.5,0.04,0.54,5,0.0,6,0,1,2.4,1,uci_audit_office_post_audit_finding,historical_record,standard,UCIA-0339:discrepancy-count;UCIA-0339:history;UCIA-0339:money-value;UCIA-0339:para-a;UCIA-0339:para-b;UCIA-0339:prior-screen;UCIA-0339:sector,development,uci-audit-v1,1.0.0
UCIA-0340,340,2,2.37,0.9,0.29,1.19,5,1.22,6,0,1,2.4,1,uci_audit_office_post_audit_finding,historical_record,borderline,UCIA-0340:discrepancy-count;UCIA-0340:history;UCIA-0340:money-value;UCIA-0340:para-a;UCIA-0340:para-b;UCIA-0340:prior-screen;UCIA-0340:sector,evaluation,uci-audit-v1,1.0.0
UCIA-0341,341,2,2.37,0.0,0.0,0.0,5,0.23,6,0,1,2.4,1,uci_audit_office_post_audit_finding,historical_record,standard,UCIA-0341:discrepancy-count;UCIA-0341:history;UCIA-0341:money-value;UCIA-0341:para-a;UCIA-0341:para-b;UCIA-0341:prior-screen;UCIA-0341:sector,development,uci-audit-v1,1.0.0
UCIA-0342,342,2,1.99,57.03,134.33,191.36,5,844.37,2,0,1,4.0,1,uci_audit_office_post_audit_finding,misstatement_value,standard,UCIA-0342:discrepancy-count;UCIA-0342:history;UCIA-0342:money-value;UCIA-0342:para-a;UCIA-0342:para-b;UCIA-0342:prior-screen;UCIA-0342:sector,evaluation,uci-audit-v1,1.0.0
UCIA-0343,343,8,1.99,0.58,0.0,0.58,5,0.0,2,0,0,2.0,0,uci_audit_office_post_audit_finding,not_flagged,easy,UCIA-0343:discrepancy-count;UCIA-0343:history;UCIA-0343:money-value;UCIA-0343:para-a;UCIA-0343:para-b;UCIA-0343:prior-screen;UCIA-0343:sector,development,uci-audit-v1,1.0.0
UCIA-0344,344,12,1.99,1.52,0.0,1.52,5,6.96,2,0,1,2.4,0,uci_audit_office_post_audit_finding,cleared_after_flag,hard,UCIA-0344:discrepancy-count;UCIA-0344:history;UCIA-0344:money-value;UCIA-0344:para-a;UCIA-0344:para-b;UCIA-0344:prior-screen;UCIA-0344:sector,development,uci-audit-v1,1.0.0
UCIA-0345,345,6,1.99,0.9,0.0,0.9,5,1.95,2,0,0,2.0,0,uci_audit_office_post_audit_finding,not_flagged,borderline,UCIA-0345:discrepancy-count;UCIA-0345:history;UCIA-0345:money-value;UCIA-0345:para-a;UCIA-0345:para-b;UCIA-0345:prior-screen;UCIA-0345:sector,development,uci-audit-v1,1.0.0
UCIA-0346,346,6,1.99,1.19,0.0,1.19,5,0.0,2,0,1,2.2,0,uci_audit_office_post_audit_finding,cleared_after_flag,hard,UCIA-0346:discrepancy-count;UCIA-0346:history;UCIA-0346:money-value;UCIA-0346:para-a;UCIA-0346:para-b;UCIA-0346:prior-screen;UCIA-0346:sector,development,uci-audit-v1,1.0.0
UCIA-0347,347,25,1.99,0.53,0.0,0.53,5,2.33,2,0,0,2.0,0,uci_audit_office_post_audit_finding,not_flagged,easy,UCIA-0347:discrepancy-count;UCIA-0347:history;UCIA-0347:money-value;UCIA-0347:para-a;UCIA-0347:para-b;UCIA-0347:prior-screen;UCIA-0347:sector,evaluation,uci-audit-v1,1.0.0
UCIA-0348,348,40,1.99,0.93,0.0,0.93,5,0.11,2,0,0,2.0,0,uci_audit_office_post_audit_finding,not_flagged,borderline,UCIA-0348:discrepancy-count;UCIA-0348:history;UCIA-0348:money-value;UCIA-0348:para-a;UCIA-0348:para-b;UCIA-0348:prior-screen;UCIA-0348:sector,development,uci-audit-v1,1.0.0
UCIA-0349,349,8,1.99,1.89,0.0,1.89,5,0.0,2,0,1,2.2,0,uci_audit_office_post_audit_finding,cleared_after_flag,hard,UCIA-0349:discrepancy-count;UCIA-0349:history;UCIA-0349:money-value;UCIA-0349:para-a;UCIA-0349:para-b;UCIA-0349:prior-screen;UCIA-0349:sector,development,uci-audit-v1,1.0.0
UCIA-0350,350,8,1.99,1.71,0.0,1.71,5,0.09,2,0,1,2.2,0,uci_audit_office_post_audit_finding,cleared_after_flag,hard,UCIA-0350:discrepancy-count;UCIA-0350:history;UCIA-0350:money-value;UCIA-0350:para-a;UCIA-0350:para-b;UCIA-0350:prior-screen;UCIA-0350:sector,development,uci-audit-v1,1.0.0
UCIA-0351,351,LOHARU,1.99,0.3,0.0,0.3,5,0.0,2,0,0,2.0,0,uci_audit_office_post_audit_finding,not_flagged,easy,UCIA-0351:discrepancy-count;UCIA-0351:history;UCIA-0351:money-value;UCIA-0351:para-a;UCIA-0351:para-b;UCIA-0351:prior-screen;UCIA-0351:sector,evaluation,uci-audit-v1,1.0.0
UCIA-0352,352,31,1.99,0.76,0.0,0.76,5,7.48,2,0,1,2.2,0,uci_audit_office_post_audit_finding,cleared_after_flag,hard,UCIA-0352:discrepancy-count;UCIA-0352:history;UCIA-0352:money-value;UCIA-0352:para-a;UCIA-0352:para-b;UCIA-0352:prior-screen;UCIA-0352:sector,evaluation,uci-audit-v1,1.0.0
UCIA-0353,353,4,1.99,0.96,0.0,0.96,5,9.45,2,0,1,2.2,1,uci_audit_office_post_audit_finding,misstatement_value,borderline,UCIA-0353:discrepancy-count;UCIA-0353:history;UCIA-0353:money-value;UCIA-0353:para-a;UCIA-0353:para-b;UCIA-0353:prior-screen;UCIA-0353:sector,development,uci-audit-v1,1.0.0
UCIA-0354,354,14,1.99,1.26,0.0,1.26,5,0.0,2,0,1,2.2,0,uci_audit_office_post_audit_finding,cleared_after_flag,hard,UCIA-0354:discrepancy-count;UCIA-0354:history;UCIA-0354:money-value;UCIA-0354:para-a;UCIA-0354:para-b;UCIA-0354:prior-screen;UCIA-0354:sector,evaluation,uci-audit-v1,1.0.0
UCIA-0355,355,NUH,1.99,0.55,0.0,0.55,5,0.67,2,0,0,2.0,0,uci_audit_office_post_audit_finding,not_flagged,easy,UCIA-0355:discrepancy-count;UCIA-0355:history;UCIA-0355:money-value;UCIA-0355:para-a;UCIA-0355:para-b;UCIA-0355:prior-screen;UCIA-0355:sector,development,uci-audit-v1,1.0.0
UCIA-0356,356,5,1.99,0.29,0.0,0.29,5,0.06,2,0,0,2.0,0,uci_audit_office_post_audit_finding,not_flagged,easy,UCIA-0356:discrepancy-count;UCIA-0356:history;UCIA-0356:money-value;UCIA-0356:para-a;UCIA-0356:para-b;UCIA-0356:prior-screen;UCIA-0356:sector,evaluation,uci-audit-v1,1.0.0
UCIA-0357,357,5,1.99,1.27,0.0,1.27,5,2.77,2,0,1,2.2,0,uci_audit_office_post_audit_finding,cleared_after_flag,hard,UCIA-0357:discrepancy-count;UCIA-0357:history;UCIA-0357:money-value;UCIA-0357:para-a;UCIA-0357:para-b;UCIA-0357:prior-screen;UCIA-0357:sector,development,uci-audit-v1,1.0.0
UCIA-0358,358,5,1.99,1.34,0.0,1.34,5,0.0,2,0,1,2.2,0,uci_audit_office_post_audit_finding,cleared_after_flag,hard,UCIA-0358:discrepancy-count;UCIA-0358:history;UCIA-0358:money-value;UCIA-0358:para-a;UCIA-0358:para-b;UCIA-0358:prior-screen;UCIA-0358:sector,development,uci-audit-v1,1.0.0
UCIA-0359,359,5,1.99,0.56,0.0,0.56,5,1.75,2,0,0,2.0,0,uci_audit_office_post_audit_finding,not_flagged,easy,UCIA-0359:discrepancy-count;UCIA-0359:history;UCIA-0359:money-value;UCIA-0359:para-a;UCIA-0359:para-b;UCIA-0359:prior-screen;UCIA-0359:sector,development,uci-audit-v1,1.0.0
UCIA-0360,360,20,1.99,0.86,0.0,0.86,5,0.0,6,0,1,2.4,1,uci_audit_office_post_audit_finding,historical_record,borderline,UCIA-0360:discrepancy-count;UCIA-0360:history;UCIA-0360:money-value;UCIA-0360:para-a;UCIA-0360:para-b;UCIA-0360:prior-screen;UCIA-0360:sector,development,uci-audit-v1,1.0.0
UCIA-0361,361,19,1.99,1.62,0.0,1.62,5,0.0,6,0,1,2.6,1,uci_audit_office_post_audit_finding,historical_record,borderline,UCIA-0361:discrepancy-count;UCIA-0361:history;UCIA-0361:money-value;UCIA-0361:para-a;UCIA-0361:para-b;UCIA-0361:prior-screen;UCIA-0361:sector,evaluation,uci-audit-v1,1.0.0
UCIA-0362,362,19,1.99,3.02,0.0,3.02,5,0.0,6,0,1,2.8,1,uci_audit_office_post_audit_finding,historical_record,standard,UCIA-0362:discrepancy-count;UCIA-0362:history;UCIA-0362:money-value;UCIA-0362:para-a;UCIA-0362:para-b;UCIA-0362:prior-screen;UCIA-0362:sector,development,uci-audit-v1,1.0.0
UCIA-0363,363,19,1.99,0.59,0.0,0.59,5,0.0,6,0,1,2.4,1,uci_audit_office_post_audit_finding,historical_record,standard,UCIA-0363:discrepancy-count;UCIA-0363:history;UCIA-0363:money-value;UCIA-0363:para-a;UCIA-0363:para-b;UCIA-0363:prior-screen;UCIA-0363:sector,evaluation,uci-audit-v1,1.0.0
UCIA-0364,364,22,1.99,1.1,0.0,1.1,5,0.0,2,0,1,2.2,0,uci_audit_office_post_audit_finding,cleared_after_flag,hard,UCIA-0364:discrepancy-count;UCIA-0364:history;UCIA-0364:money-value;UCIA-0364:para-a;UCIA-0364:para-b;UCIA-0364:prior-screen;UCIA-0364:sector,development,uci-audit-v1,1.0.0
UCIA-0365,365,9,1.99,1.03,0.0,1.03,5,27.28,2,0,1,2.6,1,uci_audit_office_post_audit_finding,misstatement_value,borderline,UCIA-0365:discrepancy-count;UCIA-0365:history;UCIA-0365:money-value;UCIA-0365:para-a;UCIA-0365:para-b;UCIA-0365:prior-screen;UCIA-0365:sector,evaluation,uci-audit-v1,1.0.0
UCIA-0366,366,30,1.99,0.66,0.0,0.66,5,0.73,2,0,0,2.0,0,uci_audit_office_post_audit_finding,not_flagged,easy,UCIA-0366:discrepancy-count;UCIA-0366:history;UCIA-0366:money-value;UCIA-0366:para-a;UCIA-0366:para-b;UCIA-0366:prior-screen;UCIA-0366:sector,evaluation,uci-audit-v1,1.0.0
UCIA-0367,367,SAFIDON,1.99,0.48,0.0,0.48,5,0.47,2,0,0,2.0,0,uci_audit_office_post_audit_finding,not_flagged,easy,UCIA-0367:discrepancy-count;UCIA-0367:history;UCIA-0367:money-value;UCIA-0367:para-a;UCIA-0367:para-b;UCIA-0367:prior-screen;UCIA-0367:sector,evaluation,uci-audit-v1,1.0.0
UCIA-0368,368,11,1.99,1.27,0.0,1.27,5,175.9,2,0,1,2.6,1,uci_audit_office_post_audit_finding,misstatement_value,borderline,UCIA-0368:discrepancy-count;UCIA-0368:history;UCIA-0368:money-value;UCIA-0368:para-a;UCIA-0368:para-b;UCIA-0368:prior-screen;UCIA-0368:sector,evaluation,uci-audit-v1,1.0.0
UCIA-0369,369,12,1.99,0.43,0.0,0.43,5,13.54,2,0,1,2.4,1,uci_audit_office_post_audit_finding,misstatement_value,standard,UCIA-0369:discrepancy-count;UCIA-0369:history;UCIA-0369:money-value;UCIA-0369:para-a;UCIA-0369:para-b;UCIA-0369:prior-screen;UCIA-0369:sector,evaluation,uci-audit-v1,1.0.0
UCIA-0370,370,12,1.99,1.65,0.0,1.65,5,0.01,2,0,1,2.2,0,uci_audit_office_post_audit_finding,cleared_after_flag,hard,UCIA-0370:discrepancy-count;UCIA-0370:history;UCIA-0370:money-value;UCIA-0370:para-a;UCIA-0370:para-b;UCIA-0370:prior-screen;UCIA-0370:sector,development,uci-audit-v1,1.0.0
UCIA-0371,371,8,1.99,1.4,0.0,1.4,5,0.0,2,0,1,2.2,0,uci_audit_office_post_audit_finding,cleared_after_flag,hard,UCIA-0371:discrepancy-count;UCIA-0371:history;UCIA-0371:money-value;UCIA-0371:para-a;UCIA-0371:para-b;UCIA-0371:prior-screen;UCIA-0371:sector,evaluation,uci-audit-v1,1.0.0
UCIA-0372,372,8,1.99,1.14,0.0,1.14,5,41.82,2,0,1,2.6,1,uci_audit_office_post_audit_finding,misstatement_value,borderline,UCIA-0372:discrepancy-count;UCIA-0372:history;UCIA-0372:money-value;UCIA-0372:para-a;UCIA-0372:para-b;UCIA-0372:prior-screen;UCIA-0372:sector,development,uci-audit-v1,1.0.0
UCIA-0373,373,8,1.99,0.45,0.0,0.45,5,0.0,2,0,0,2.0,0,uci_audit_office_post_audit_finding,not_flagged,easy,UCIA-0373:discrepancy-count;UCIA-0373:history;UCIA-0373:money-value;UCIA-0373:para-a;UCIA-0373:para-b;UCIA-0373:prior-screen;UCIA-0373:sector,evaluation,uci-audit-v1,1.0.0
UCIA-0374,374,27,1.99,0.6,0.0,0.6,5,0.0,2,0,0,2.0,0,uci_audit_office_post_audit_finding,not_flagged,easy,UCIA-0374:discrepancy-count;UCIA-0374:history;UCIA-0374:money-value;UCIA-0374:para-a;UCIA-0374:para-b;UCIA-0374:prior-screen;UCIA-0374:sector,development,uci-audit-v1,1.0.0
UCIA-0375,375,29,1.99,0.85,0.0,0.85,5,0.0,2,0,0,2.0,0,uci_audit_office_post_audit_finding,not_flagged,borderline,UCIA-0375:discrepancy-count;UCIA-0375:history;UCIA-0375:money-value;UCIA-0375:para-a;UCIA-0375:para-b;UCIA-0375:prior-screen;UCIA-0375:sector,evaluation,uci-audit-v1,1.0.0
UCIA-0376,376,9,1.99,1.19,0.0,1.19,5,29.76,2,0,1,2.6,1,uci_audit_office_post_audit_finding,misstatement_value,borderline,UCIA-0376:discrepancy-count;UCIA-0376:history;UCIA-0376:money-value;UCIA-0376:para-a;UCIA-0376:para-b;UCIA-0376:prior-screen;UCIA-0376:sector,development,uci-audit-v1,1.0.0
UCIA-0377,377,32,1.99,1.23,0.0,1.23,5,0.11,2,0,1,2.2,0,uci_audit_office_post_audit_finding,cleared_after_flag,hard,UCIA-0377:discrepancy-count;UCIA-0377:history;UCIA-0377:money-value;UCIA-0377:para-a;UCIA-0377:para-b;UCIA-0377:prior-screen;UCIA-0377:sector,evaluation,uci-audit-v1,1.0.0
UCIA-0378,378,32,1.99,1.12,0.0,1.12,5,0.05,2,0,1,2.2,0,uci_audit_office_post_audit_finding,cleared_after_flag,hard,UCIA-0378:discrepancy-count;UCIA-0378:history;UCIA-0378:money-value;UCIA-0378:para-a;UCIA-0378:para-b;UCIA-0378:prior-screen;UCIA-0378:sector,development,uci-audit-v1,1.0.0
UCIA-0379,379,16,1.99,1.53,0.0,1.53,5,0.03,4,0,1,2.4,0,uci_audit_office_post_audit_finding,cleared_after_flag,hard,UCIA-0379:discrepancy-count;UCIA-0379:history;UCIA-0379:money-value;UCIA-0379:para-a;UCIA-0379:para-b;UCIA-0379:prior-screen;UCIA-0379:sector,evaluation,uci-audit-v1,1.0.0
UCIA-0380,380,16,1.99,0.77,0.0,0.77,5,0.0,4,0,1,2.2,0,uci_audit_office_post_audit_finding,cleared_after_flag,hard,UCIA-0380:discrepancy-count;UCIA-0380:history;UCIA-0380:money-value;UCIA-0380:para-a;UCIA-0380:para-b;UCIA-0380:prior-screen;UCIA-0380:sector,evaluation,uci-audit-v1,1.0.0
UCIA-0381,381,16,1.99,0.56,0.0,0.56,5,0.0,4,0,1,2.2,0,uci_audit_office_post_audit_finding,cleared_after_flag,hard,UCIA-0381:discrepancy-count;UCIA-0381:history;UCIA-0381:money-value;UCIA-0381:para-a;UCIA-0381:para-b;UCIA-0381:prior-screen;UCIA-0381:sector,evaluation,uci-audit-v1,1.0.0
UCIA-0382,382,16,1.99,1.82,0.0,1.82,5,85.13,4,0,1,2.8,1,uci_audit_office_post_audit_finding,misstatement_value,borderline,UCIA-0382:discrepancy-count;UCIA-0382:history;UCIA-0382:money-value;UCIA-0382:para-a;UCIA-0382:para-b;UCIA-0382:prior-screen;UCIA-0382:sector,evaluation,uci-audit-v1,1.0.0
UCIA-0383,383,16,1.99,0.44,0.0,0.44,5,0.04,4,0,1,2.2,0,uci_audit_office_post_audit_finding,cleared_after_flag,hard,UCIA-0383:discrepancy-count;UCIA-0383:history;UCIA-0383:money-value;UCIA-0383:para-a;UCIA-0383:para-b;UCIA-0383:prior-screen;UCIA-0383:sector,development,uci-audit-v1,1.0.0
UCIA-0384,384,15,1.99,1.46,0.0,1.46,5,0.0,2,0,1,2.2,0,uci_audit_office_post_audit_finding,cleared_after_flag,hard,UCIA-0384:discrepancy-count;UCIA-0384:history;UCIA-0384:money-value;UCIA-0384:para-a;UCIA-0384:para-b;UCIA-0384:prior-screen;UCIA-0384:sector,evaluation,uci-audit-v1,1.0.0
UCIA-0385,385,15,1.99,1.12,0.0,1.12,5,10.98,2,0,1,2.6,1,uci_audit_office_post_audit_finding,misstatement_value,borderline,UCIA-0385:discrepancy-count;UCIA-0385:history;UCIA-0385:money-value;UCIA-0385:para-a;UCIA-0385:para-b;UCIA-0385:prior-screen;UCIA-0385:sector,development,uci-audit-v1,1.0.0
UCIA-0386,386,13,1.99,1.56,0.0,1.56,5,0.1,2,0,1,2.2,0,uci_audit_office_post_audit_finding,cleared_after_flag,hard,UCIA-0386:discrepancy-count;UCIA-0386:history;UCIA-0386:money-value;UCIA-0386:para-a;UCIA-0386:para-b;UCIA-0386:prior-screen;UCIA-0386:sector,development,uci-audit-v1,1.0.0
UCIA-0387,387,13,1.99,0.0,0.0,0.0,5,0.0,2,0,0,2.0,0,uci_audit_office_post_audit_finding,not_flagged,easy,UCIA-0387:discrepancy-count;UCIA-0387:history;UCIA-0387:money-value;UCIA-0387:para-a;UCIA-0387:para-b;UCIA-0387:prior-screen;UCIA-0387:sector,development,uci-audit-v1,1.0.0
UCIA-0388,388,18,1.99,0.0,0.0,0.0,5,0.0,2,0,0,2.0,0,uci_audit_office_post_audit_finding,not_flagged,easy,UCIA-0388:discrepancy-count;UCIA-0388:history;UCIA-0388:money-value;UCIA-0388:para-a;UCIA-0388:para-b;UCIA-0388:prior-screen;UCIA-0388:sector,development,uci-audit-v1,1.0.0
UCIA-0389,389,2,1.85,11.24,9.49,20.73,5,173.02,2,0,1,4.4,1,uci_audit_office_post_audit_finding,misstatement_value,standard,UCIA-0389:discrepancy-count;UCIA-0389:history;UCIA-0389:money-value;UCIA-0389:para-a;UCIA-0389:para-b;UCIA-0389:prior-screen;UCIA-0389:sector,evaluation,uci-audit-v1,1.0.0
UCIA-0390,390,6,1.85,3.7,0.0,3.7,5,0.12,2,0,1,2.4,0,uci_audit_office_post_audit_finding,cleared_after_flag,hard,UCIA-0390:discrepancy-count;UCIA-0390:history;UCIA-0390:money-value;UCIA-0390:para-a;UCIA-0390:para-b;UCIA-0390:prior-screen;UCIA-0390:sector,development,uci-audit-v1,1.0.0
UCIA-0391,391,6,1.85,8.53,0.16,8.69,5,0.52,2,0,1,2.6,1,uci_audit_office_post_audit_finding,planned_para_discrepancy,standard,UCIA-0391:discrepancy-count;UCIA-0391:history;UCIA-0391:money-value;UCIA-0391:para-a;UCIA-0391:para-b;UCIA-0391:prior-screen;UCIA-0391:sector,development,uci-audit-v1,1.0.0
UCIA-0392,392,6,1.85,0.47,1.59,2.06,5,1.24,2,0,1,2.6,0,uci_audit_office_post_audit_finding,cleared_after_flag,hard,UCIA-0392:discrepancy-count;UCIA-0392:history;UCIA-0392:money-value;UCIA-0392:para-a;UCIA-0392:para-b;UCIA-0392:prior-screen;UCIA-0392:sector,development,uci-audit-v1,1.0.0
UCIA-0393,393,8,1.85,0.95,1.33,2.28,5,0.07,4,0,1,2.8,1,uci_audit_office_post_audit_finding,historical_record,borderline,UCIA-0393:discrepancy-count;UCIA-0393:history;UCIA-0393:money-value;UCIA-0393:para-a;UCIA-0393:para-b;UCIA-0393:prior-screen;UCIA-0393:sector,evaluation,uci-audit-v1,1.0.0
UCIA-0394,394,8,1.85,13.15,1.63,14.78,5,1.19,4,0,1,3.2,1,uci_audit_office_post_audit_finding,planned_para_discrepancy,standard,UCIA-0394:discrepancy-count;UCIA-0394:history;UCIA-0394:money-value;UCIA-0394:para-a;UCIA-0394:para-b;UCIA-0394:prior-screen;UCIA-0394:sector,development,uci-audit-v1,1.0.0
UCIA-0395,395,8,1.85,3.17,0.44,3.61,5,0.0,4,0,1,2.6,1,uci_audit_office_post_audit_finding,historical_record,standard,UCIA-0395:discrepancy-count;UCIA-0395:history;UCIA-0395:money-value;UCIA-0395:para-a;UCIA-0395:para-b;UCIA-0395:prior-screen;UCIA-0395:sector,development,uci-audit-v1,1.0.0
UCIA-0396,396,8,1.85,7.02,1.77,8.79,5,0.0,4,0,1,3.2,1,uci_audit_office_post_audit_finding,planned_para_discrepancy,standard,UCIA-0396:discrepancy-count;UCIA-0396:history;UCIA-0396:money-value;UCIA-0396:para-a;UCIA-0396:para-b;UCIA-0396:prior-screen;UCIA-0396:sector,evaluation,uci-audit-v1,1.0.0
UCIA-0397,397,16,1.85,0.0,0.0,0.0,5,0.0,2,0,0,2.0,0,uci_audit_office_post_audit_finding,not_flagged,easy,UCIA-0397:discrepancy-count;UCIA-0397:history;UCIA-0397:money-value;UCIA-0397:para-a;UCIA-0397:para-b;UCIA-0397:prior-screen;UCIA-0397:sector,evaluation,uci-audit-v1,1.0.0
UCIA-0398,398,8,1.85,0.95,0.0,0.95,5,0.13,4,0,1,2.4,1,uci_audit_office_post_audit_finding,historical_record,borderline,UCIA-0398:discrepancy-count;UCIA-0398:history;UCIA-0398:money-value;UCIA-0398:para-a;UCIA-0398:para-b;UCIA-0398:prior-screen;UCIA-0398:sector,development,uci-audit-v1,1.0.0
UCIA-0399,399,8,1.85,0.0,0.0,0.0,5,10.53,4,0,1,2.6,1,uci_audit_office_post_audit_finding,misstatement_value,standard,UCIA-0399:discrepancy-count;UCIA-0399:history;UCIA-0399:money-value;UCIA-0399:para-a;UCIA-0399:para-b;UCIA-0399:prior-screen;UCIA-0399:sector,development,uci-audit-v1,1.0.0
UCIA-0400,400,16,1.85,9.19,4.2,13.39,5,0.52,2,0,1,3.6,1,uci_audit_office_post_audit_finding,planned_para_discrepancy,standard,UCIA-0400:discrepancy-count;UCIA-0400:history;UCIA-0400:money-value;UCIA-0400:para-a;UCIA-0400:para-b;UCIA-0400:prior-screen;UCIA-0400:sector,evaluation,uci-audit-v1,1.0.0
UCIA-0401,401,19,1.85,9.14,1.22,10.36,5,0.0,6,0,1,3.4,1,uci_audit_office_post_audit_finding,planned_para_discrepancy,standard,UCIA-0401:discrepancy-count;UCIA-0401:history;UCIA-0401:money-value;UCIA-0401:para-a;UCIA-0401:para-b;UCIA-0401:prior-screen;UCIA-0401:sector,development,uci-audit-v1,1.0.0
UCIA-0402,402,6,1.85,0.26,0.0,0.26,5,0.0,2,0,0,2.0,0,uci_audit_office_post_audit_finding,not_flagged,easy,UCIA-0402:discrepancy-count;UCIA-0402:history;UCIA-0402:money-value;UCIA-0402:para-a;UCIA-0402:para-b;UCIA-0402:prior-screen;UCIA-0402:sector,evaluation,uci-audit-v1,1.0.0
UCIA-0403,403,31,1.85,3.05,0.05,3.1,5,0.0,2,0,1,2.4,0,uci_audit_office_post_audit_finding,cleared_after_flag,hard,UCIA-0403:discrepancy-count;UCIA-0403:history;UCIA-0403:money-value;UCIA-0403:para-a;UCIA-0403:para-b;UCIA-0403:prior-screen;UCIA-0403:sector,development,uci-audit-v1,1.0.0
UCIA-0404,404,4,1.85,0.56,72.0,72.56,5,0.51,2,0,1,3.2,1,uci_audit_office_post_audit_finding,unplanned_para_discrepancy,standard,UCIA-0404:discrepancy-count;UCIA-0404:history;UCIA-0404:money-value;UCIA-0404:para-a;UCIA-0404:para-b;UCIA-0404:prior-screen;UCIA-0404:sector,evaluation,uci-audit-v1,1.0.0
UCIA-0405,405,4,1.85,2.96,0.15,3.11,5,0.0,2,0,1,2.4,0,uci_audit_office_post_audit_finding,cleared_after_flag,hard,UCIA-0405:discrepancy-count;UCIA-0405:history;UCIA-0405:money-value;UCIA-0405:para-a;UCIA-0405:para-b;UCIA-0405:prior-screen;UCIA-0405:sector,development,uci-audit-v1,1.0.0
UCIA-0406,406,31,1.85,2.48,0.0,2.48,5,0.0,2,0,1,2.4,0,uci_audit_office_post_audit_finding,cleared_after_flag,hard,UCIA-0406:discrepancy-count;UCIA-0406:history;UCIA-0406:money-value;UCIA-0406:para-a;UCIA-0406:para-b;UCIA-0406:prior-screen;UCIA-0406:sector,evaluation,uci-audit-v1,1.0.0
UCIA-0407,407,14,1.85,9.94,0.44,10.38,5,0.15,2,0,1,2.4,1,uci_audit_office_post_audit_finding,planned_para_discrepancy,standard,UCIA-0407:discrepancy-count;UCIA-0407:history;UCIA-0407:money-value;UCIA-0407:para-a;UCIA-0407:para-b;UCIA-0407:prior-screen;UCIA-0407:sector,development,uci-audit-v1,1.0.0
UCIA-0408,408,14,1.85,5.13,0.09,5.22,5,0.01,2,0,1,2.4,0,uci_audit_office_post_audit_finding,cleared_after_flag,hard,UCIA-0408:discrepancy-count;UCIA-0408:history;UCIA-0408:money-value;UCIA-0408:para-a;UCIA-0408:para-b;UCIA-0408:prior-screen;UCIA-0408:sector,evaluation,uci-audit-v1,1.0.0
UCIA-0409,409,43,1.85,2.49,0.29,2.78,5,0.49,2,0,1,2.4,0,uci_audit_office_post_audit_finding,cleared_after_flag,hard,UCIA-0409:discrepancy-count;UCIA-0409:history;UCIA-0409:money-value;UCIA-0409:para-a;UCIA-0409:para-b;UCIA-0409:prior-screen;UCIA-0409:sector,development,uci-audit-v1,1.0.0
UCIA-0410,410,5,1.85,7.22,0.28,7.5,5,0.0,2,0,1,2.4,1,uci_audit_office_post_audit_finding,planned_para_discrepancy,standard,UCIA-0410:discrepancy-count;UCIA-0410:history;UCIA-0410:money-value;UCIA-0410:para-a;UCIA-0410:para-b;UCIA-0410:prior-screen;UCIA-0410:sector,evaluation,uci-audit-v1,1.0.0
UCIA-0411,411,5,1.85,0.71,0.66,1.37,5,0.0,2,0,0,2.0,0,uci_audit_office_post_audit_finding,not_flagged,borderline,UCIA-0411:discrepancy-count;UCIA-0411:history;UCIA-0411:money-value;UCIA-0411:para-a;UCIA-0411:para-b;UCIA-0411:prior-screen;UCIA-0411:sector,development,uci-audit-v1,1.0.0
UCIA-0412,412,19,1.85,19.21,2.47,21.68,5,0.0,6,0,1,4.0,1,uci_audit_office_post_audit_finding,planned_para_discrepancy,standard,UCIA-0412:discrepancy-count;UCIA-0412:history;UCIA-0412:money-value;UCIA-0412:para-a;UCIA-0412:para-b;UCIA-0412:prior-screen;UCIA-0412:sector,evaluation,uci-audit-v1,1.0.0
UCIA-0413,413,19,1.85,0.18,0.0,0.18,5,0.0,6,0,1,2.6,1,uci_audit_office_post_audit_finding,historical_record,standard,UCIA-0413:discrepancy-count;UCIA-0413:history;UCIA-0413:money-value;UCIA-0413:para-a;UCIA-0413:para-b;UCIA-0413:prior-screen;UCIA-0413:sector,evaluation,uci-audit-v1,1.0.0
UCIA-0414,414,19,1.85,5.9,0.0,5.9,5,0.74,6,0,1,3.0,1,uci_audit_office_post_audit_finding,historical_record,standard,UCIA-0414:discrepancy-count;UCIA-0414:history;UCIA-0414:money-value;UCIA-0414:para-a;UCIA-0414:para-b;UCIA-0414:prior-screen;UCIA-0414:sector,evaluation,uci-audit-v1,1.0.0
UCIA-0415,415,19,1.85,4.04,0.0,4.04,5,0.79,6,0,1,2.8,1,uci_audit_office_post_audit_finding,historical_record,standard,UCIA-0415:discrepancy-count;UCIA-0415:history;UCIA-0415:money-value;UCIA-0415:para-a;UCIA-0415:para-b;UCIA-0415:prior-screen;UCIA-0415:sector,development,uci-audit-v1,1.0.0
UCIA-0416,416,19,1.85,2.81,0.11,2.92,5,19.45,6,0,1,3.2,1,uci_audit_office_post_audit_finding,misstatement_value,standard,UCIA-0416:discrepancy-count;UCIA-0416:history;UCIA-0416:money-value;UCIA-0416:para-a;UCIA-0416:para-b;UCIA-0416:prior-screen;UCIA-0416:sector,evaluation,uci-audit-v1,1.0.0
UCIA-0417,417,19,1.85,5.87,0.0,5.87,5,0.44,6,0,1,2.8,1,uci_audit_office_post_audit_finding,historical_record,standard,UCIA-0417:discrepancy-count;UCIA-0417:history;UCIA-0417:money-value;UCIA-0417:para-a;UCIA-0417:para-b;UCIA-0417:prior-screen;UCIA-0417:sector,development,uci-audit-v1,1.0.0
UCIA-0418,418,19,1.85,1.75,0.0,1.75,5,0.35,6,0,1,2.6,1,uci_audit_office_post_audit_finding,historical_record,borderline,UCIA-0418:discrepancy-count;UCIA-0418:history;UCIA-0418:money-value;UCIA-0418:para-a;UCIA-0418:para-b;UCIA-0418:prior-screen;UCIA-0418:sector,development,uci-audit-v1,1.0.0
UCIA-0419,419,19,1.85,2.05,0.0,2.05,5,3.53,6,0,1,2.8,1,uci_audit_office_post_audit_finding,historical_record,borderline,UCIA-0419:discrepancy-count;UCIA-0419:history;UCIA-0419:money-value;UCIA-0419:para-a;UCIA-0419:para-b;UCIA-0419:prior-screen;UCIA-0419:sector,development,uci-audit-v1,1.0.0
UCIA-0420,420,19,1.85,0.0,0.0,0.0,5,0.04,6,0,1,2.6,1,uci_audit_office_post_audit_finding,historical_record,standard,UCIA-0420:discrepancy-count;UCIA-0420:history;UCIA-0420:money-value;UCIA-0420:para-a;UCIA-0420:para-b;UCIA-0420:prior-screen;UCIA-0420:sector,development,uci-audit-v1,1.0.0
UCIA-0421,421,16,1.85,3.67,0.18,3.85,5,0.0,2,0,1,2.4,0,uci_audit_office_post_audit_finding,cleared_after_flag,hard,UCIA-0421:discrepancy-count;UCIA-0421:history;UCIA-0421:money-value;UCIA-0421:para-a;UCIA-0421:para-b;UCIA-0421:prior-screen;UCIA-0421:sector,development,uci-audit-v1,1.0.0
UCIA-0422,422,9,1.85,0.64,0.95,1.59,5,0.0,2,1,1,2.2,0,uci_audit_office_post_audit_finding,cleared_after_flag,hard,UCIA-0422:discrepancy-count;UCIA-0422:history;UCIA-0422:money-value;UCIA-0422:para-a;UCIA-0422:para-b;UCIA-0422:prior-screen;UCIA-0422:sector,development,uci-audit-v1,1.0.0
UCIA-0423,423,9,1.85,7.37,1.64,9.01,5,0.08,2,0,1,3.0,1,uci_audit_office_post_audit_finding,planned_para_discrepancy,standard,UCIA-0423:discrepancy-count;UCIA-0423:history;UCIA-0423:money-value;UCIA-0423:para-a;UCIA-0423:para-b;UCIA-0423:prior-screen;UCIA-0423:sector,development,uci-audit-v1,1.0.0
UCIA-0424,424,9,1.85,10.79,0.67,11.46,5,0.04,2,0,1,2.4,1,uci_audit_office_post_audit_finding,planned_para_discrepancy,standard,UCIA-0424:discrepancy-count;UCIA-0424:history;UCIA-0424:money-value;UCIA-0424:para-a;UCIA-0424:para-b;UCIA-0424:prior-screen;UCIA-0424:sector,evaluation,uci-audit-v1,1.0.0
UCIA-0425,425,11,1.85,10.02,0.95,10.97,5,0.43,2,0,1,2.4,1,uci_audit_office_post_audit_finding,planned_para_discrepancy,standard,UCIA-0425:discrepancy-count;UCIA-0425:history;UCIA-0425:money-value;UCIA-0425:para-a;UCIA-0425:para-b;UCIA-0425:prior-screen;UCIA-0425:sector,development,uci-audit-v1,1.0.0
UCIA-0426,426,11,1.85,0.44,0.62,1.06,5,0.64,2,0,0,2.0,0,uci_audit_office_post_audit_finding,not_flagged,easy,UCIA-0426:discrepancy-count;UCIA-0426:history;UCIA-0426:money-value;UCIA-0426:para-a;UCIA-0426:para-b;UCIA-0426:prior-screen;UCIA-0426:sector,development,uci-audit-v1,1.0.0
UCIA-0427,427,12,1.85,2.89,0.11,3.0,5,0.04,2,0,1,2.4,0,uci_audit_office_post_audit_finding,cleared_after_flag,hard,UCIA-0427:discrepancy-count;UCIA-0427:history;UCIA-0427:money-value;UCIA-0427:para-a;UCIA-0427:para-b;UCIA-0427:prior-screen;UCIA-0427:sector,development,uci-audit-v1,1.0.0
UCIA-0428,428,12,1.85,0.6,1.14,1.74,5,0.43,2,0,1,2.6,0,uci_audit_office_post_audit_finding,cleared_after_flag,hard,UCIA-0428:discrepancy-count;UCIA-0428:history;UCIA-0428:money-value;UCIA-0428:para-a;UCIA-0428:para-b;UCIA-0428:prior-screen;UCIA-0428:sector,development,uci-audit-v1,1.0.0
UCIA-0429,429,8,1.85,0.79,1.01,1.8,5,0.57,2,0,1,2.6,0,uci_audit_office_post_audit_finding,cleared_after_flag,hard,UCIA-0429:discrepancy-count;UCIA-0429:history;UCIA-0429:money-value;UCIA-0429:para-a;UCIA-0429:para-b;UCIA-0429:prior-screen;UCIA-0429:sector,evaluation,uci-audit-v1,1.0.0
UCIA-0430,430,8,1.85,3.26,0.36,3.62,5,0.02,2,0,1,2.4,0,uci_audit_office_post_audit_finding,cleared_after_flag,hard,UCIA-0430:discrepancy-count;UCIA-0430:history;UCIA-0430:money-value;UCIA-0430:para-a;UCIA-0430:para-b;UCIA-0430:prior-screen;UCIA-0430:sector,evaluation,uci-audit-v1,1.0.0
UCIA-0431,431,8,1.85,8.94,1.32,10.26,5,0.02,2,0,1,3.0,1,uci_audit_office_post_audit_finding,planned_para_discrepancy,standard,UCIA-0431:discrepancy-count;UCIA-0431:history;UCIA-0431:money-value;UCIA-0431:para-a;UCIA-0431:para-b;UCIA-0431:prior-screen;UCIA-0431:sector,development,uci-audit-v1,1.0.0
UCIA-0432,432,27,1.85,4.6,1.17,5.77,5,0.04,2,0,1,3.0,0,uci_audit_office_post_audit_finding,cleared_after_flag,hard,UCIA-0432:discrepancy-count;UCIA-0432:history;UCIA-0432:money-value;UCIA-0432:para-a;UCIA-0432:para-b;UCIA-0432:prior-screen;UCIA-0432:sector,development,uci-audit-v1,1.0.0
UCIA-0433,433,29,1.85,7.01,1.12,8.13,5,0.1,2,0,1,3.0,1,uci_audit_office_post_audit_finding,planned_para_discrepancy,standard,UCIA-0433:discrepancy-count;UCIA-0433:history;UCIA-0433:money-value;UCIA-0433:para-a;UCIA-0433:para-b;UCIA-0433:prior-screen;UCIA-0433:sector,evaluation,uci-audit-v1,1.0.0
UCIA-0434,434,29,1.85,1.04,0.91,1.95,5,0.37,2,0,1,2.2,0,uci_audit_office_post_audit_finding,cleared_after_flag,hard,UCIA-0434:discrepancy-count;UCIA-0434:history;UCIA-0434:money-value;UCIA-0434:para-a;UCIA-0434:para-b;UCIA-0434:prior-screen;UCIA-0434:sector,development,uci-audit-v1,1.0.0
UCIA-0435,435,9,1.85,2.81,0.41,3.22,5,0.0,2,0,1,2.4,0,uci_audit_office_post_audit_finding,cleared_after_flag,hard,UCIA-0435:discrepancy-count;UCIA-0435:history;UCIA-0435:money-value;UCIA-0435:para-a;UCIA-0435:para-b;UCIA-0435:prior-screen;UCIA-0435:sector,development,uci-audit-v1,1.0.0
UCIA-0436,436,9,1.85,0.7,0.6,1.3,5,0.51,2,0,0,2.0,0,uci_audit_office_post_audit_finding,not_flagged,easy,UCIA-0436:discrepancy-count;UCIA-0436:history;UCIA-0436:money-value;UCIA-0436:para-a;UCIA-0436:para-b;UCIA-0436:prior-screen;UCIA-0436:sector,development,uci-audit-v1,1.0.0
UCIA-0437,437,32,1.85,0.78,0.97,1.75,5,0.97,2,0,0,2.0,0,uci_audit_office_post_audit_finding,not_flagged,borderline,UCIA-0437:discrepancy-count;UCIA-0437:history;UCIA-0437:money-value;UCIA-0437:para-a;UCIA-0437:para-b;UCIA-0437:prior-screen;UCIA-0437:sector,development,uci-audit-v1,1.0.0
UCIA-0438,438,32,1.85,7.09,1.95,9.04,5,0.0,2,0,1,3.0,1,uci_audit_office_post_audit_finding,planned_para_discrepancy,standard,UCIA-0438:discrepancy-count;UCIA-0438:history;UCIA-0438:money-value;UCIA-0438:para-a;UCIA-0438:para-b;UCIA-0438:prior-screen;UCIA-0438:sector,development,uci-audit-v1,1.0.0
UCIA-0439,439,32,1.85,1.39,1.1,2.49,5,0.0,2,0,1,2.8,0,uci_audit_office_post_audit_finding,cleared_after_flag,hard,UCIA-0439:discrepancy-count;UCIA-0439:history;UCIA-0439:money-value;UCIA-0439:para-a;UCIA-0439:para-b;UCIA-0439:prior-screen;UCIA-0439:sector,development,uci-audit-v1,1.0.0
UCIA-0440,440,8,1.85,2.46,0.37,2.83,5,0.0,2,0,1,2.4,0,uci_audit_office_post_audit_finding,cleared_after_flag,hard,UCIA-0440:discrepancy-count;UCIA-0440:history;UCIA-0440:money-value;UCIA-0440:para-a;UCIA-0440:para-b;UCIA-0440:prior-screen;UCIA-0440:sector,development,uci-audit-v1,1.0.0
UCIA-0441,441,4,1.85,2.48,0.1,2.58,5,0.0,2,0,1,2.4,0,uci_audit_office_post_audit_finding,cleared_after_flag,hard,UCIA-0441:discrepancy-count;UCIA-0441:history;UCIA-0441:money-value;UCIA-0441:para-a;UCIA-0441:para-b;UCIA-0441:prior-screen;UCIA-0441:sector,evaluation,uci-audit-v1,1.0.0
UCIA-0442,442,15,1.85,1.28,1.75,3.03,5,0.0,2,0,1,2.8,0,uci_audit_office_post_audit_finding,cleared_after_flag,hard,UCIA-0442:discrepancy-count;UCIA-0442:history;UCIA-0442:money-value;UCIA-0442:para-a;UCIA-0442:para-b;UCIA-0442:prior-screen;UCIA-0442:sector,evaluation,uci-audit-v1,1.0.0
UCIA-0443,443,15,1.85,3.83,0.28,4.11,5,0.0,2,0,1,2.4,0,uci_audit_office_post_audit_finding,cleared_after_flag,hard,UCIA-0443:discrepancy-count;UCIA-0443:history;UCIA-0443:money-value;UCIA-0443:para-a;UCIA-0443:para-b;UCIA-0443:prior-screen;UCIA-0443:sector,development,uci-audit-v1,1.0.0
UCIA-0444,444,15,1.85,3.74,0.55,4.29,5,0.0,2,0,1,2.4,0,uci_audit_office_post_audit_finding,cleared_after_flag,hard,UCIA-0444:discrepancy-count;UCIA-0444:history;UCIA-0444:money-value;UCIA-0444:para-a;UCIA-0444:para-b;UCIA-0444:prior-screen;UCIA-0444:sector,evaluation,uci-audit-v1,1.0.0
UCIA-0445,445,15,1.85,11.44,1.41,12.85,5,0.04,2,0,1,3.0,1,uci_audit_office_post_audit_finding,planned_para_discrepancy,standard,UCIA-0445:discrepancy-count;UCIA-0445:history;UCIA-0445:money-value;UCIA-0445:para-a;UCIA-0445:para-b;UCIA-0445:prior-screen;UCIA-0445:sector,evaluation,uci-audit-v1,1.0.0
UCIA-0446,446,13,1.85,4.99,0.64,5.63,5,0.0,2,0,1,2.4,0,uci_audit_office_post_audit_finding,cleared_after_flag,hard,UCIA-0446:discrepancy-count;UCIA-0446:history;UCIA-0446:money-value;UCIA-0446:para-a;UCIA-0446:para-b;UCIA-0446:prior-screen;UCIA-0446:sector,development,uci-audit-v1,1.0.0
UCIA-0447,447,13,1.85,8.25,1.59,9.84,5,0.02,2,0,1,3.0,1,uci_audit_office_post_audit_finding,planned_para_discrepancy,standard,UCIA-0447:discrepancy-count;UCIA-0447:history;UCIA-0447:money-value;UCIA-0447:para-a;UCIA-0447:para-b;UCIA-0447:prior-screen;UCIA-0447:sector,development,uci-audit-v1,1.0.0
UCIA-0448,448,13,1.85,0.25,1.8,2.05,5,0.74,2,0,1,2.6,0,uci_audit_office_post_audit_finding,cleared_after_flag,hard,UCIA-0448:discrepancy-count;UCIA-0448:history;UCIA-0448:money-value;UCIA-0448:para-a;UCIA-0448:para-b;UCIA-0448:prior-screen;UCIA-0448:sector,evaluation,uci-audit-v1,1.0.0
UCIA-0449,449,18,1.85,7.2,0.43,7.63,5,0.01,2,0,1,2.4,1,uci_audit_office_post_audit_finding,planned_para_discrepancy,standard,UCIA-0449:discrepancy-count;UCIA-0449:history;UCIA-0449:money-value;UCIA-0449:para-a;UCIA-0449:para-b;UCIA-0449:prior-screen;UCIA-0449:sector,development,uci-audit-v1,1.0.0
UCIA-0450,450,18,1.85,0.73,1.24,1.97,5,0.2,2,0,1,2.6,0,uci_audit_office_post_audit_finding,cleared_after_flag,hard,UCIA-0450:discrepancy-count;UCIA-0450:history;UCIA-0450:money-value;UCIA-0450:para-a;UCIA-0450:para-b;UCIA-0450:prior-screen;UCIA-0450:sector,development,uci-audit-v1,1.0.0
UCIA-0451,451,43,1.85,5.2,0.0,5.2,5,0.0,2,0,1,2.4,0,uci_audit_office_post_audit_finding,cleared_after_flag,hard,UCIA-0451:discrepancy-count;UCIA-0451:history;UCIA-0451:money-value;UCIA-0451:para-a;UCIA-0451:para-b;UCIA-0451:prior-screen;UCIA-0451:sector,evaluation,uci-audit-v1,1.0.0
UCIA-0452,452,19,1.85,1.16,0.0,1.16,5,0.11,6,0,1,2.6,1,uci_audit_office_post_audit_finding,historical_record,borderline,UCIA-0452:discrepancy-count;UCIA-0452:history;UCIA-0452:money-value;UCIA-0452:para-a;UCIA-0452:para-b;UCIA-0452:prior-screen;UCIA-0452:sector,development,uci-audit-v1,1.0.0
UCIA-0453,453,19,1.85,0.0,0.0,0.0,5,0.19,6,0,1,2.4,1,uci_audit_office_post_audit_finding,historical_record,standard,UCIA-0453:discrepancy-count;UCIA-0453:history;UCIA-0453:money-value;UCIA-0453:para-a;UCIA-0453:para-b;UCIA-0453:prior-screen;UCIA-0453:sector,evaluation,uci-audit-v1,1.0.0
UCIA-0454,454,6,1.85,0.65,0.03,0.68,5,0.14,2,0,0,2.0,0,uci_audit_office_post_audit_finding,not_flagged,easy,UCIA-0454:discrepancy-count;UCIA-0454:history;UCIA-0454:money-value;UCIA-0454:para-a;UCIA-0454:para-b;UCIA-0454:prior-screen;UCIA-0454:sector,evaluation,uci-audit-v1,1.0.0
UCIA-0455,455,6,1.85,0.79,0.0,0.79,5,3.54,2,0,0,2.0,0,uci_audit_office_post_audit_finding,not_flagged,borderline,UCIA-0455:discrepancy-count;UCIA-0455:history;UCIA-0455:money-value;UCIA-0455:para-a;UCIA-0455:para-b;UCIA-0455:prior-screen;UCIA-0455:sector,development,uci-audit-v1,1.0.0
UCIA-0456,456,19,1.85,3.28,0.25,3.53,5,0.04,6,0,1,2.8,1,uci_audit_office_post_audit_finding,historical_record,standard,UCIA-0456:discrepancy-count;UCIA-0456:history;UCIA-0456:money-value;UCIA-0456:para-a;UCIA-0456:para-b;UCIA-0456:prior-screen;UCIA-0456:sector,evaluation,uci-audit-v1,1.0.0
UCIA-0457,457,19,1.85,0.9,0.0,0.9,5,0.13,6,0,1,2.4,1,uci_audit_office_post_audit_finding,historical_record,borderline,UCIA-0457:discrepancy-count;UCIA-0457:history;UCIA-0457:money-value;UCIA-0457:para-a;UCIA-0457:para-b;UCIA-0457:prior-screen;UCIA-0457:sector,development,uci-audit-v1,1.0.0
UCIA-0458,458,9,1.85,5.0,0.54,5.54,5,0.0,2,0,1,2.4,0,uci_audit_office_post_audit_finding,cleared_after_flag,hard,UCIA-0458:discrepancy-count;UCIA-0458:history;UCIA-0458:money-value;UCIA-0458:para-a;UCIA-0458:para-b;UCIA-0458:prior-screen;UCIA-0458:sector,development,uci-audit-v1,1.0.0
UCIA-0459,459,9,1.85,7.07,0.72,7.79,5,0.0,2,0,1,2.4,1,uci_audit_office_post_audit_finding,planned_para_discrepancy,standard,UCIA-0459:discrepancy-count;UCIA-0459:history;UCIA-0459:money-value;UCIA-0459:para-a;UCIA-0459:para-b;UCIA-0459:prior-screen;UCIA-0459:sector,development,uci-audit-v1,1.0.0
UCIA-0460,460,14,1.85,1.08,1.98,3.06,5,3.92,2,0,1,2.8,0,uci_audit_office_post_audit_finding,cleared_after_flag,hard,UCIA-0460:discrepancy-count;UCIA-0460:history;UCIA-0460:money-value;UCIA-0460:para-a;UCIA-0460:para-b;UCIA-0460:prior-screen;UCIA-0460:sector,development,uci-audit-v1,1.0.0
UCIA-0461,461,13,1.85,3.46,0.09,3.55,5,0.06,2,0,1,2.4,0,uci_audit_office_post_audit_finding,cleared_after_flag,hard,UCIA-0461:discrepancy-count;UCIA-0461:history;UCIA-0461:money-value;UCIA-0461:para-a;UCIA-0461:para-b;UCIA-0461:prior-screen;UCIA-0461:sector,evaluation,uci-audit-v1,1.0.0
UCIA-0462,462,22,1.85,0.6,1.08,1.68,5,0.33,2,0,1,2.6,0,uci_audit_office_post_audit_finding,cleared_after_flag,hard,UCIA-0462:discrepancy-count;UCIA-0462:history;UCIA-0462:money-value;UCIA-0462:para-a;UCIA-0462:para-b;UCIA-0462:prior-screen;UCIA-0462:sector,development,uci-audit-v1,1.0.0
UCIA-0463,463,22,1.85,3.92,1.08,5.0,5,0.0,2,0,1,3.0,0,uci_audit_office_post_audit_finding,cleared_after_flag,hard,UCIA-0463:discrepancy-count;UCIA-0463:history;UCIA-0463:money-value;UCIA-0463:para-a;UCIA-0463:para-b;UCIA-0463:prior-screen;UCIA-0463:sector,evaluation,uci-audit-v1,1.0.0
UCIA-0464,464,22,1.85,7.84,2.81,10.65,5,0.0,2,0,1,3.8,1,uci_audit_office_post_audit_finding,planned_para_discrepancy,standard,UCIA-0464:discrepancy-count;UCIA-0464:history;UCIA-0464:money-value;UCIA-0464:para-a;UCIA-0464:para-b;UCIA-0464:prior-screen;UCIA-0464:sector,development,uci-audit-v1,1.0.0
UCIA-0465,465,8,1.85,0.99,0.0,0.99,5,0.0,4,0,1,2.2,0,uci_audit_office_post_audit_finding,cleared_after_flag,hard,UCIA-0465:discrepancy-count;UCIA-0465:history;UCIA-0465:money-value;UCIA-0465:para-a;UCIA-0465:para-b;UCIA-0465:prior-screen;UCIA-0465:sector,development,uci-audit-v1,1.0.0
UCIA-0466,466,2,1.85,0.17,0.11,0.28,5,0.0,2,0,0,2.0,0,uci_audit_office_post_audit_finding,not_flagged,easy,UCIA-0466:discrepancy-count;UCIA-0466:history;UCIA-0466:money-value;UCIA-0466:para-a;UCIA-0466:para-b;UCIA-0466:prior-screen;UCIA-0466:sector,evaluation,uci-audit-v1,1.0.0
UCIA-0467,467,19,1.85,45.23,36.18,81.41,5,0.0,6,0,1,4.0,1,uci_audit_office_post_audit_finding,planned_para_discrepancy,standard,UCIA-0467:discrepancy-count;UCIA-0467:history;UCIA-0467:money-value;UCIA-0467:para-a;UCIA-0467:para-b;UCIA-0467:prior-screen;UCIA-0467:sector,development,uci-audit-v1,1.0.0
UCIA-0468,468,11,1.85,1.69,0.21,1.9,5,0.0,2,0,1,2.2,0,uci_audit_office_post_audit_finding,cleared_after_flag,hard,UCIA-0468:discrepancy-count;UCIA-0468:history;UCIA-0468:money-value;UCIA-0468:para-a;UCIA-0468:para-b;UCIA-0468:prior-screen;UCIA-0468:sector,development,uci-audit-v1,1.0.0
UCIA-0469,469,43,1.85,0.18,0.63,0.81,5,0.0,2,0,0,2.0,0,uci_audit_office_post_audit_finding,not_flagged,easy,UCIA-0469:discrepancy-count;UCIA-0469:history;UCIA-0469:money-value;UCIA-0469:para-a;UCIA-0469:para-b;UCIA-0469:prior-screen;UCIA-0469:sector,evaluation,uci-audit-v1,1.0.0
UCIA-0470,470,31,1.85,0.01,0.91,0.92,5,0.0,2,0,0,2.0,0,uci_audit_office_post_audit_finding,not_flagged,easy,UCIA-0470:discrepancy-count;UCIA-0470:history;UCIA-0470:money-value;UCIA-0470:para-a;UCIA-0470:para-b;UCIA-0470:prior-screen;UCIA-0470:sector,evaluation,uci-audit-v1,1.0.0
UCIA-0471,471,16,1.85,0.88,1.5,2.38,5,0.19,2,0,1,2.6,0,uci_audit_office_post_audit_finding,cleared_after_flag,hard,UCIA-0471:discrepancy-count;UCIA-0471:history;UCIA-0471:money-value;UCIA-0471:para-a;UCIA-0471:para-b;UCIA-0471:prior-screen;UCIA-0471:sector,development,uci-audit-v1,1.0.0
UCIA-0472,472,2,1.85,1.17,0.15,1.32,5,0.0,2,0,1,2.2,0,uci_audit_office_post_audit_finding,cleared_after_flag,hard,UCIA-0472:discrepancy-count;UCIA-0472:history;UCIA-0472:money-value;UCIA-0472:para-a;UCIA-0472:para-b;UCIA-0472:prior-screen;UCIA-0472:sector,development,uci-audit-v1,1.0.0
UCIA-0473,473,8,1.85,0.0,0.0,0.0,5,0.0,4,0,1,2.2,0,uci_audit_office_post_audit_finding,cleared_after_flag,hard,UCIA-0473:discrepancy-count;UCIA-0473:history;UCIA-0473:money-value;UCIA-0473:para-a;UCIA-0473:para-b;UCIA-0473:prior-screen;UCIA-0473:sector,development,uci-audit-v1,1.0.0
UCIA-0474,474,16,1.85,0.0,0.0,0.0,5,0.0,2,0,0,2.0,0,uci_audit_office_post_audit_finding,not_flagged,easy,UCIA-0474:discrepancy-count;UCIA-0474:history;UCIA-0474:money-value;UCIA-0474:para-a;UCIA-0474:para-b;UCIA-0474:prior-screen;UCIA-0474:sector,evaluation,uci-audit-v1,1.0.0
UCIA-0475,475,8,1.85,0.0,0.0,0.0,5,0.2,4,0,1,2.2,0,uci_audit_office_post_audit_finding,cleared_after_flag,hard,UCIA-0475:discrepancy-count;UCIA-0475:history;UCIA-0475:money-value;UCIA-0475:para-a;UCIA-0475:para-b;UCIA-0475:prior-screen;UCIA-0475:sector,evaluation,uci-audit-v1,1.0.0
UCIA-0476,476,6,1.85,0.0,0.0,0.0,5,0.0,2,0,0,2.0,0,uci_audit_office_post_audit_finding,not_flagged,easy,UCIA-0476:discrepancy-count;UCIA-0476:history;UCIA-0476:money-value;UCIA-0476:para-a;UCIA-0476:para-b;UCIA-0476:prior-screen;UCIA-0476:sector,evaluation,uci-audit-v1,1.0.0
UCIA-0477,477,19,1.85,0.0,0.0,0.0,5,0.0,6,0,1,2.4,1,uci_audit_office_post_audit_finding,historical_record,standard,UCIA-0477:discrepancy-count;UCIA-0477:history;UCIA-0477:money-value;UCIA-0477:para-a;UCIA-0477:para-b;UCIA-0477:prior-screen;UCIA-0477:sector,evaluation,uci-audit-v1,1.0.0
UCIA-0478,478,19,1.85,0.99,0.11,1.1,5,0.0,6,0,1,2.4,1,uci_audit_office_post_audit_finding,historical_record,borderline,UCIA-0478:discrepancy-count;UCIA-0478:history;UCIA-0478:money-value;UCIA-0478:para-a;UCIA-0478:para-b;UCIA-0478:prior-screen;UCIA-0478:sector,development,uci-audit-v1,1.0.0
UCIA-0479,479,8,1.85,0.21,0.0,0.21,5,0.0,2,0,0,2.0,0,uci_audit_office_post_audit_finding,not_flagged,easy,UCIA-0479:discrepancy-count;UCIA-0479:history;UCIA-0479:money-value;UCIA-0479:para-a;UCIA-0479:para-b;UCIA-0479:prior-screen;UCIA-0479:sector,development,uci-audit-v1,1.0.0
UCIA-0480,480,14,1.85,2.2,0.28,2.48,5,0.0,2,0,1,2.4,0,uci_audit_office_post_audit_finding,cleared_after_flag,hard,UCIA-0480:discrepancy-count;UCIA-0480:history;UCIA-0480:money-value;UCIA-0480:para-a;UCIA-0480:para-b;UCIA-0480:prior-screen;UCIA-0480:sector,development,uci-audit-v1,1.0.0
UCIA-0481,481,2,1.85,3.31,0.17,3.48,5,0.0,2,0,1,2.4,0,uci_audit_office_post_audit_finding,cleared_after_flag,hard,UCIA-0481:discrepancy-count;UCIA-0481:history;UCIA-0481:money-value;UCIA-0481:para-a;UCIA-0481:para-b;UCIA-0481:prior-screen;UCIA-0481:sector,development,uci-audit-v1,1.0.0
UCIA-0482,482,4,1.85,2.43,0.27,2.7,5,0.0,2,0,1,2.4,0,uci_audit_office_post_audit_finding,cleared_after_flag,hard,UCIA-0482:discrepancy-count;UCIA-0482:history;UCIA-0482:money-value;UCIA-0482:para-a;UCIA-0482:para-b;UCIA-0482:prior-screen;UCIA-0482:sector,development,uci-audit-v1,1.0.0
UCIA-0483,483,12,1.85,13.91,0.5,14.41,5,0.19,2,0,1,2.4,1,uci_audit_office_post_audit_finding,planned_para_discrepancy,standard,UCIA-0483:discrepancy-count;UCIA-0483:history;UCIA-0483:money-value;UCIA-0483:para-a;UCIA-0483:para-b;UCIA-0483:prior-screen;UCIA-0483:sector,evaluation,uci-audit-v1,1.0.0
UCIA-0484,484,1,2.36,1.71,0.0,1.71,6,88.4,6,4,1,4.4,1,uci_audit_office_post_audit_finding,misstatement_value,borderline,UCIA-0484:discrepancy-count;UCIA-0484:history;UCIA-0484:money-value;UCIA-0484:para-a;UCIA-0484:para-b;UCIA-0484:prior-screen;UCIA-0484:sector,development,uci-audit-v1,1.0.0
UCIA-0485,485,1,2.37,1.13,3.85,4.98,6,20.89,6,0,1,5.0,1,uci_audit_office_post_audit_finding,misstatement_value,borderline,UCIA-0485:discrepancy-count;UCIA-0485:history;UCIA-0485:money-value;UCIA-0485:para-a;UCIA-0485:para-b;UCIA-0485:prior-screen;UCIA-0485:sector,development,uci-audit-v1,1.0.0
UCIA-0486,486,2,2.37,17.53,0.0,17.53,6,94.75,6,4,1,4.4,1,uci_audit_office_post_audit_finding,misstatement_value,standard,UCIA-0486:discrepancy-count;UCIA-0486:history;UCIA-0486:money-value;UCIA-0486:para-a;UCIA-0486:para-b;UCIA-0486:prior-screen;UCIA-0486:sector,evaluation,uci-audit-v1,1.0.0
UCIA-0487,487,4,2.37,0.56,0.7,1.26,5,0.0,6,0,1,2.4,1,uci_audit_office_post_audit_finding,historical_record,standard,UCIA-0487:discrepancy-count;UCIA-0487:history;UCIA-0487:money-value;UCIA-0487:para-a;UCIA-0487:para-b;UCIA-0487:prior-screen;UCIA-0487:sector,development,uci-audit-v1,1.0.0
UCIA-0488,488,8,2.37,0.56,0.08,0.64,5,0.05,6,0,1,2.4,1,uci_audit_office_post_audit_finding,historical_record,standard,UCIA-0488:discrepancy-count;UCIA-0488:history;UCIA-0488:money-value;UCIA-0488:para-a;UCIA-0488:para-b;UCIA-0488:prior-screen;UCIA-0488:sector,development,uci-audit-v1,1.0.0
UCIA-0489,489,2,2.34,3.95,0.0,0.0,5,83.96,6,1,1,3.8,1,uci_audit_office_post_audit_finding,misstatement_value,standard,UCIA-0489:discrepancy-count;UCIA-0489:history;UCIA-0489:money-value;UCIA-0489:para-a;UCIA-0489:para-b;UCIA-0489:prior-screen;UCIA-0489:sector,evaluation,uci-audit-v1,1.0.0
UCIA-0490,490,4,2.34,0.0,0.0,0.0,5,0.0,2,0,0,2.0,0,uci_audit_office_post_audit_finding,not_flagged,easy,UCIA-0490:discrepancy-count;UCIA-0490:history;UCIA-0490:money-value;UCIA-0490:para-a;UCIA-0490:para-b;UCIA-0490:prior-screen;UCIA-0490:sector,development,uci-audit-v1,1.0.0
UCIA-0491,491,5,2.34,0.0,0.0,0.0,5,0.0,2,0,0,2.0,0,uci_audit_office_post_audit_finding,not_flagged,easy,UCIA-0491:discrepancy-count;UCIA-0491:history;UCIA-0491:money-value;UCIA-0491:para-a;UCIA-0491:para-b;UCIA-0491:prior-screen;UCIA-0491:sector,evaluation,uci-audit-v1,1.0.0
UCIA-0492,492,2,2.34,0.0,0.0,0.0,5,0.0,2,0,0,2.0,0,uci_audit_office_post_audit_finding,not_flagged,easy,UCIA-0492:discrepancy-count;UCIA-0492:history;UCIA-0492:money-value;UCIA-0492:para-a;UCIA-0492:para-b;UCIA-0492:prior-screen;UCIA-0492:sector,development,uci-audit-v1,1.0.0
UCIA-0493,493,19,2.34,0.0,0.0,0.0,5,0.0,2,0,0,2.0,0,uci_audit_office_post_audit_finding,not_flagged,easy,UCIA-0493:discrepancy-count;UCIA-0493:history;UCIA-0493:money-value;UCIA-0493:para-a;UCIA-0493:para-b;UCIA-0493:prior-screen;UCIA-0493:sector,development,uci-audit-v1,1.0.0
UCIA-0494,494,2,15.56,20.65,0.0,0.0,6,397.31,6,1,1,4.2,1,uci_audit_office_post_audit_finding,misstatement_value,standard,UCIA-0494:discrepancy-count;UCIA-0494:history;UCIA-0494:money-value;UCIA-0494:para-a;UCIA-0494:para-b;UCIA-0494:prior-screen;UCIA-0494:sector,evaluation,uci-audit-v1,1.0.0
UCIA-0495,495,1,15.56,3.73,2.82,6.55,6,160.41,6,0,1,5.2,1,uci_audit_office_post_audit_finding,misstatement_value,standard,UCIA-0495:discrepancy-count;UCIA-0495:history;UCIA-0495:money-value;UCIA-0495:para-a;UCIA-0495:para-b;UCIA-0495:prior-screen;UCIA-0495:sector,evaluation,uci-audit-v1,1.0.0
UCIA-0496,496,19,15.56,0.0,0.0,0.0,5,23.97,6,0,1,2.8,1,uci_audit_office_post_audit_finding,misstatement_value,standard,UCIA-0496:discrepancy-count;UCIA-0496:history;UCIA-0496:money-value;UCIA-0496:para-a;UCIA-0496:para-b;UCIA-0496:prior-screen;UCIA-0496:sector,development,uci-audit-v1,1.0.0
UCIA-0497,497,1,17.68,2.52,20.28,22.8,5,70.56,6,0,1,4.4,1,uci_audit_office_post_audit_finding,misstatement_value,standard,UCIA-0497:discrepancy-count;UCIA-0497:history;UCIA-0497:money-value;UCIA-0497:para-a;UCIA-0497:para-b;UCIA-0497:prior-screen;UCIA-0497:sector,development,uci-audit-v1,1.0.0
UCIA-0498,498,2,21.61,3.14,5.68,8.82,5,11.33,4,0,1,4.6,1,uci_audit_office_post_audit_finding,misstatement_value,standard,UCIA-0498:discrepancy-count;UCIA-0498:history;UCIA-0498:money-value;UCIA-0498:para-a;UCIA-0498:para-b;UCIA-0498:prior-screen;UCIA-0498:sector,evaluation,uci-audit-v1,1.0.0
UCIA-0499,499,6,21.61,0.88,1.07,1.95,5,0.76,2,0,1,2.6,0,uci_audit_office_post_audit_finding,cleared_after_flag,hard,UCIA-0499:discrepancy-count;UCIA-0499:history;UCIA-0499:money-value;UCIA-0499:para-a;UCIA-0499:para-b;UCIA-0499:prior-screen;UCIA-0499:sector,development,uci-audit-v1,1.0.0
UCIA-0500,500,8,21.61,0.8,0.82,1.62,5,1.32,2,0,0,2.0,0,uci_audit_office_post_audit_finding,not_flagged,borderline,UCIA-0500:discrepancy-count;UCIA-0500:history;UCIA-0500:money-value;UCIA-0500:para-a;UCIA-0500:para-b;UCIA-0500:prior-screen;UCIA-0500:sector,development,uci-audit-v1,1.0.0
UCIA-0501,501,4,21.61,0.7,0.72,1.42,5,0.0,2,0,0,2.0,0,uci_audit_office_post_audit_finding,not_flagged,easy,UCIA-0501:discrepancy-count;UCIA-0501:history;UCIA-0501:money-value;UCIA-0501:para-a;UCIA-0501:para-b;UCIA-0501:prior-screen;UCIA-0501:sector,development,uci-audit-v1,1.0.0
UCIA-0502,502,5,21.61,0.0,0.39,0.39,5,0.24,2,0,0,2.0,0,uci_audit_office_post_audit_finding,not_flagged,easy,UCIA-0502:discrepancy-count;UCIA-0502:history;UCIA-0502:money-value;UCIA-0502:para-a;UCIA-0502:para-b;UCIA-0502:prior-screen;UCIA-0502:sector,evaluation,uci-audit-v1,1.0.0
UCIA-0503,503,5,21.61,0.33,0.0,0.33,5,0.0,2,0,0,2.0,0,uci_audit_office_post_audit_finding,not_flagged,easy,UCIA-0503:discrepancy-count;UCIA-0503:history;UCIA-0503:money-value;UCIA-0503:para-a;UCIA-0503:para-b;UCIA-0503:prior-screen;UCIA-0503:sector,evaluation,uci-audit-v1,1.0.0
UCIA-0504,504,5,21.61,0.28,0.16,0.44,5,0.0,2,0,0,2.0,0,uci_audit_office_post_audit_finding,not_flagged,easy,UCIA-0504:discrepancy-count;UCIA-0504:history;UCIA-0504:money-value;UCIA-0504:para-a;UCIA-0504:para-b;UCIA-0504:prior-screen;UCIA-0504:sector,development,uci-audit-v1,1.0.0
UCIA-0505,505,14,21.61,0.19,0.27,0.46,5,0.65,2,0,0,2.0,0,uci_audit_office_post_audit_finding,not_flagged,easy,UCIA-0505:discrepancy-count;UCIA-0505:history;UCIA-0505:money-value;UCIA-0505:para-a;UCIA-0505:para-b;UCIA-0505:prior-screen;UCIA-0505:sector,evaluation,uci-audit-v1,1.0.0
UCIA-0506,506,19,21.61,0.53,0.62,1.15,5,0.01,2,0,0,2.0,0,uci_audit_office_post_audit_finding,not_flagged,easy,UCIA-0506:discrepancy-count;UCIA-0506:history;UCIA-0506:money-value;UCIA-0506:para-a;UCIA-0506:para-b;UCIA-0506:prior-screen;UCIA-0506:sector,development,uci-audit-v1,1.0.0
UCIA-0507,507,19,21.61,0.46,0.88,1.34,5,0.58,2,0,0,2.0,0,uci_audit_office_post_audit_finding,not_flagged,easy,UCIA-0507:discrepancy-count;UCIA-0507:history;UCIA-0507:money-value;UCIA-0507:para-a;UCIA-0507:para-b;UCIA-0507:prior-screen;UCIA-0507:sector,evaluation,uci-audit-v1,1.0.0
UCIA-0508,508,19,21.61,0.31,0.28,0.59,5,0.0,2,0,0,2.0,0,uci_audit_office_post_audit_finding,not_flagged,easy,UCIA-0508:discrepancy-count;UCIA-0508:history;UCIA-0508:money-value;UCIA-0508:para-a;UCIA-0508:para-b;UCIA-0508:prior-screen;UCIA-0508:sector,evaluation,uci-audit-v1,1.0.0
UCIA-0509,509,9,21.61,85.0,1.06,86.06,5,0.0,6,0,1,3.4,1,uci_audit_office_post_audit_finding,planned_para_discrepancy,standard,UCIA-0509:discrepancy-count;UCIA-0509:history;UCIA-0509:money-value;UCIA-0509:para-a;UCIA-0509:para-b;UCIA-0509:prior-screen;UCIA-0509:sector,evaluation,uci-audit-v1,1.0.0
UCIA-0510,510,11,21.61,0.75,0.9,1.65,5,1.4,2,0,0,2.0,0,uci_audit_office_post_audit_finding,not_flagged,borderline,UCIA-0510:discrepancy-count;UCIA-0510:history;UCIA-0510:money-value;UCIA-0510:para-a;UCIA-0510:para-b;UCIA-0510:prior-screen;UCIA-0510:sector,evaluation,uci-audit-v1,1.0.0
UCIA-0511,511,12,21.61,0.85,0.93,1.78,5,0.0,2,0,0,2.0,0,uci_audit_office_post_audit_finding,not_flagged,borderline,UCIA-0511:discrepancy-count;UCIA-0511:history;UCIA-0511:money-value;UCIA-0511:para-a;UCIA-0511:para-b;UCIA-0511:prior-screen;UCIA-0511:sector,evaluation,uci-audit-v1,1.0.0
UCIA-0512,512,8,21.61,0.34,0.36,0.7,5,0.03,2,0,0,2.0,0,uci_audit_office_post_audit_finding,not_flagged,easy,UCIA-0512:discrepancy-count;UCIA-0512:history;UCIA-0512:money-value;UCIA-0512:para-a;UCIA-0512:para-b;UCIA-0512:prior-screen;UCIA-0512:sector,evaluation,uci-audit-v1,1.0.0
UCIA-0513,513,8,21.61,0.66,0.81,1.47,5,0.03,2,0,0,2.0,0,uci_audit_office_post_audit_finding,not_flagged,easy,UCIA-0513:discrepancy-count;UCIA-0513:history;UCIA-0513:money-value;UCIA-0513:para-a;UCIA-0513:para-b;UCIA-0513:prior-screen;UCIA-0513:sector,development,uci-audit-v1,1.0.0
UCIA-0514,514,9,21.61,0.59,0.69,1.28,5,0.0,2,0,0,2.0,0,uci_audit_office_post_audit_finding,not_flagged,easy,UCIA-0514:discrepancy-count;UCIA-0514:history;UCIA-0514:money-value;UCIA-0514:para-a;UCIA-0514:para-b;UCIA-0514:prior-screen;UCIA-0514:sector,development,uci-audit-v1,1.0.0
UCIA-0515,515,32,21.61,0.61,0.63,1.24,5,0.0,2,0,0,2.0,0,uci_audit_office_post_audit_finding,not_flagged,easy,UCIA-0515:discrepancy-count;UCIA-0515:history;UCIA-0515:money-value;UCIA-0515:para-a;UCIA-0515:para-b;UCIA-0515:prior-screen;UCIA-0515:sector,evaluation,uci-audit-v1,1.0.0
UCIA-0516,516,16,21.61,0.72,0.8,1.52,5,0.02,2,0,0,2.0,0,uci_audit_office_post_audit_finding,not_flagged,borderline,UCIA-0516:discrepancy-count;UCIA-0516:history;UCIA-0516:money-value;UCIA-0516:para-a;UCIA-0516:para-b;UCIA-0516:prior-screen;UCIA-0516:sector,evaluation,uci-audit-v1,1.0.0
UCIA-0517,517,16,21.61,0.37,0.1,0.47,5,0.0,2,0,0,2.0,0,uci_audit_office_post_audit_finding,not_flagged,easy,UCIA-0517:discrepancy-count;UCIA-0517:history;UCIA-0517:money-value;UCIA-0517:para-a;UCIA-0517:para-b;UCIA-0517:prior-screen;UCIA-0517:sector,evaluation,uci-audit-v1,1.0.0
UCIA-0518,518,16,21.61,0.62,0.71,1.33,5,0.08,2,0,0,2.0,0,uci_audit_office_post_audit_finding,not_flagged,easy,UCIA-0518:discrepancy-count;UCIA-0518:history;UCIA-0518:money-value;UCIA-0518:para-a;UCIA-0518:para-b;UCIA-0518:prior-screen;UCIA-0518:sector,evaluation,uci-audit-v1,1.0.0
UCIA-0519,519,15,21.61,0.98,1.14,2.12,5,0.0,2,0,1,2.6,0,uci_audit_office_post_audit_finding,cleared_after_flag,hard,UCIA-0519:discrepancy-count;UCIA-0519:history;UCIA-0519:money-value;UCIA-0519:para-a;UCIA-0519:para-b;UCIA-0519:prior-screen;UCIA-0519:sector,development,uci-audit-v1,1.0.0
UCIA-0520,520,13,21.61,0.32,0.0,0.32,5,0.0,2,0,0,2.0,0,uci_audit_office_post_audit_finding,not_flagged,easy,UCIA-0520:discrepancy-count;UCIA-0520:history;UCIA-0520:money-value;UCIA-0520:para-a;UCIA-0520:para-b;UCIA-0520:prior-screen;UCIA-0520:sector,evaluation,uci-audit-v1,1.0.0
UCIA-0521,521,13,21.61,0.56,0.63,1.19,5,0.09,2,0,0,2.0,0,uci_audit_office_post_audit_finding,not_flagged,easy,UCIA-0521:discrepancy-count;UCIA-0521:history;UCIA-0521:money-value;UCIA-0521:para-a;UCIA-0521:para-b;UCIA-0521:prior-screen;UCIA-0521:sector,evaluation,uci-audit-v1,1.0.0
UCIA-0522,522,18,21.61,0.54,0.56,1.1,5,0.8,2,0,0,2.0,0,uci_audit_office_post_audit_finding,not_flagged,easy,UCIA-0522:discrepancy-count;UCIA-0522:history;UCIA-0522:money-value;UCIA-0522:para-a;UCIA-0522:para-b;UCIA-0522:prior-screen;UCIA-0522:sector,evaluation,uci-audit-v1,1.0.0
UCIA-0523,523,29,21.61,0.63,0.69,1.32,5,0.32,2,0,0,2.0,0,uci_audit_office_post_audit_finding,not_flagged,easy,UCIA-0523:discrepancy-count;UCIA-0523:history;UCIA-0523:money-value;UCIA-0523:para-a;UCIA-0523:para-b;UCIA-0523:prior-screen;UCIA-0523:sector,evaluation,uci-audit-v1,1.0.0
UCIA-0524,524,22,21.61,0.37,0.46,0.83,5,0.0,2,0,0,2.0,0,uci_audit_office_post_audit_finding,not_flagged,easy,UCIA-0524:discrepancy-count;UCIA-0524:history;UCIA-0524:money-value;UCIA-0524:para-a;UCIA-0524:para-b;UCIA-0524:prior-screen;UCIA-0524:sector,development,uci-audit-v1,1.0.0
UCIA-0525,525,14,21.61,0.0,0.0,0.0,5,0.0,2,0,0,2.0,0,uci_audit_office_post_audit_finding,not_flagged,easy,UCIA-0525:discrepancy-count;UCIA-0525:history;UCIA-0525:money-value;UCIA-0525:para-a;UCIA-0525:para-b;UCIA-0525:prior-screen;UCIA-0525:sector,evaluation,uci-audit-v1,1.0.0
UCIA-0526,526,8,21.61,0.29,0.33,0.62,5,0.0,2,0,0,2.0,0,uci_audit_office_post_audit_finding,not_flagged,easy,UCIA-0526:discrepancy-count;UCIA-0526:history;UCIA-0526:money-value;UCIA-0526:para-a;UCIA-0526:para-b;UCIA-0526:prior-screen;UCIA-0526:sector,development,uci-audit-v1,1.0.0
UCIA-0527,527,4,21.61,0.67,0.76,1.43,5,0.0,2,0,0,2.0,0,uci_audit_office_post_audit_finding,not_flagged,easy,UCIA-0527:discrepancy-count;UCIA-0527:history;UCIA-0527:money-value;UCIA-0527:para-a;UCIA-0527:para-b;UCIA-0527:prior-screen;UCIA-0527:sector,development,uci-audit-v1,1.0.0
UCIA-0528,528,19,21.61,0.43,0.0,0.43,5,0.0,2,0,0,2.0,0,uci_audit_office_post_audit_finding,not_flagged,easy,UCIA-0528:discrepancy-count;UCIA-0528:history;UCIA-0528:money-value;UCIA-0528:para-a;UCIA-0528:para-b;UCIA-0528:prior-screen;UCIA-0528:sector,evaluation,uci-audit-v1,1.0.0
UCIA-0529,529,2,21.61,0.67,0.75,1.42,5,0.39,2,0,0,2.0,0,uci_audit_office_post_audit_finding,not_flagged,easy,UCIA-0529:discrepancy-count;UCIA-0529:history;UCIA-0529:money-value;UCIA-0529:para-a;UCIA-0529:para-b;UCIA-0529:prior-screen;UCIA-0529:sector,evaluation,uci-audit-v1,1.0.0
UCIA-0530,530,5,21.61,0.84,1.09,1.93,5,0.0,2,0,1,2.6,0,uci_audit_office_post_audit_finding,cleared_after_flag,hard,UCIA-0530:discrepancy-count;UCIA-0530:history;UCIA-0530:money-value;UCIA-0530:para-a;UCIA-0530:para-b;UCIA-0530:prior-screen;UCIA-0530:sector,development,uci-audit-v1,1.0.0
UCIA-0531,531,43,21.61,0.52,0.68,1.2,5,0.0,2,0,0,2.0,0,uci_audit_office_post_audit_finding,not_flagged,easy,UCIA-0531:discrepancy-count;UCIA-0531:history;UCIA-0531:money-value;UCIA-0531:para-a;UCIA-0531:para-b;UCIA-0531:prior-screen;UCIA-0531:sector,evaluation,uci-audit-v1,1.0.0
UCIA-0532,532,8,21.61,0.38,0.48,0.86,5,0.33,2,0,0,2.0,0,uci_audit_office_post_audit_finding,not_flagged,easy,UCIA-0532:discrepancy-count;UCIA-0532:history;UCIA-0532:money-value;UCIA-0532:para-a;UCIA-0532:para-b;UCIA-0532:prior-screen;UCIA-0532:sector,development,uci-audit-v1,1.0.0
UCIA-0533,533,12,21.61,0.19,0.23,0.42,5,0.0,2,0,0,2.0,0,uci_audit_office_post_audit_finding,not_flagged,easy,UCIA-0533:discrepancy-count;UCIA-0533:history;UCIA-0533:money-value;UCIA-0533:para-a;UCIA-0533:para-b;UCIA-0533:prior-screen;UCIA-0533:sector,development,uci-audit-v1,1.0.0
UCIA-0534,534,16,21.61,0.27,0.35,0.62,5,0.0,2,0,0,2.0,0,uci_audit_office_post_audit_finding,not_flagged,easy,UCIA-0534:discrepancy-count;UCIA-0534:history;UCIA-0534:money-value;UCIA-0534:para-a;UCIA-0534:para-b;UCIA-0534:prior-screen;UCIA-0534:sector,development,uci-audit-v1,1.0.0
UCIA-0535,535,32,21.61,0.34,0.27,0.61,5,0.0,2,0,0,2.0,0,uci_audit_office_post_audit_finding,not_flagged,easy,UCIA-0535:discrepancy-count;UCIA-0535:history;UCIA-0535:money-value;UCIA-0535:para-a;UCIA-0535:para-b;UCIA-0535:prior-screen;UCIA-0535:sector,development,uci-audit-v1,1.0.0
UCIA-0536,536,22,21.61,0.02,0.66,0.68,5,0.0,2,0,0,2.0,0,uci_audit_office_post_audit_finding,not_flagged,easy,UCIA-0536:discrepancy-count;UCIA-0536:history;UCIA-0536:money-value;UCIA-0536:para-a;UCIA-0536:para-b;UCIA-0536:prior-screen;UCIA-0536:sector,development,uci-audit-v1,1.0.0
UCIA-0537,537,31,21.61,0.0,0.0,0.0,5,0.03,2,0,0,2.0,0,uci_audit_office_post_audit_finding,not_flagged,easy,UCIA-0537:discrepancy-count;UCIA-0537:history;UCIA-0537:money-value;UCIA-0537:para-a;UCIA-0537:para-b;UCIA-0537:prior-screen;UCIA-0537:sector,development,uci-audit-v1,1.0.0
UCIA-0538,538,4,21.61,0.0,0.0,0.0,5,0.0,2,0,0,2.0,0,uci_audit_office_post_audit_finding,not_flagged,easy,UCIA-0538:discrepancy-count;UCIA-0538:history;UCIA-0538:money-value;UCIA-0538:para-a;UCIA-0538:para-b;UCIA-0538:prior-screen;UCIA-0538:sector,evaluation,uci-audit-v1,1.0.0
UCIA-0539,539,1,59.85,1.94,6.69,8.63,5,13.3,6,1,1,4.8,1,uci_audit_office_post_audit_finding,misstatement_value,borderline,UCIA-0539:discrepancy-count;UCIA-0539:history;UCIA-0539:money-value;UCIA-0539:para-a;UCIA-0539:para-b;UCIA-0539:prior-screen;UCIA-0539:sector,evaluation,uci-audit-v1,1.0.0
UCIA-0540,540,8,59.85,0.0,0.0,0.0,5,0.29,2,0,0,2.0,0,uci_audit_office_post_audit_finding,not_flagged,easy,UCIA-0540:discrepancy-count;UCIA-0540:history;UCIA-0540:money-value;UCIA-0540:para-a;UCIA-0540:para-b;UCIA-0540:prior-screen;UCIA-0540:sector,development,uci-audit-v1,1.0.0
UCIA-0541,541,39,59.85,0.0,0.0,0.0,5,3.3,2,0,0,2.0,0,uci_audit_office_post_audit_finding,not_flagged,easy,UCIA-0541:discrepancy-count;UCIA-0541:history;UCIA-0541:money-value;UCIA-0541:para-a;UCIA-0541:para-b;UCIA-0541:prior-screen;UCIA-0541:sector,evaluation,uci-audit-v1,1.0.0
UCIA-0542,542,4,59.85,0.27,0.0,0.27,5,16.09,2,0,1,2.4,1,uci_audit_office_post_audit_finding,misstatement_value,standard,UCIA-0542:discrepancy-count;UCIA-0542:history;UCIA-0542:money-value;UCIA-0542:para-a;UCIA-0542:para-b;UCIA-0542:prior-screen;UCIA-0542:sector,development,uci-audit-v1,1.0.0
UCIA-0543,543,5,59.85,0.0,0.0,0.0,5,1.44,2,0,0,2.0,0,uci_audit_office_post_audit_finding,not_flagged,easy,UCIA-0543:discrepancy-count;UCIA-0543:history;UCIA-0543:money-value;UCIA-0543:para-a;UCIA-0543:para-b;UCIA-0543:prior-screen;UCIA-0543:sector,development,uci-audit-v1,1.0.0
UCIA-0544,544,19,59.85,0.03,0.0,0.03,5,1.66,2,0,0,2.0,0,uci_audit_office_post_audit_finding,not_flagged,easy,UCIA-0544:discrepancy-count;UCIA-0544:history;UCIA-0544:money-value;UCIA-0544:para-a;UCIA-0544:para-b;UCIA-0544:prior-screen;UCIA-0544:sector,development,uci-audit-v1,1.0.0
UCIA-0545,545,9,59.85,0.0,0.0,0.0,5,0.19,2,0,0,2.0,0,uci_audit_office_post_audit_finding,not_flagged,easy,UCIA-0545:discrepancy-count;UCIA-0545:history;UCIA-0545:money-value;UCIA-0545:para-a;UCIA-0545:para-b;UCIA-0545:prior-screen;UCIA-0545:sector,development,uci-audit-v1,1.0.0
UCIA-0546,546,11,59.85,0.0,0.0,0.0,5,0.7,2,0,0,2.0,0,uci_audit_office_post_audit_finding,not_flagged,easy,UCIA-0546:discrepancy-count;UCIA-0546:history;UCIA-0546:money-value;UCIA-0546:para-a;UCIA-0546:para-b;UCIA-0546:prior-screen;UCIA-0546:sector,development,uci-audit-v1,1.0.0
UCIA-0547,547,12,59.85,0.05,0.0,0.05,5,0.63,2,0,0,2.0,0,uci_audit_office_post_audit_finding,not_flagged,easy,UCIA-0547:discrepancy-count;UCIA-0547:history;UCIA-0547:money-value;UCIA-0547:para-a;UCIA-0547:para-b;UCIA-0547:prior-screen;UCIA-0547:sector,development,uci-audit-v1,1.0.0
UCIA-0548,548,8,59.85,0.0,0.0,0.0,5,0.93,2,0,0,2.0,0,uci_audit_office_post_audit_finding,not_flagged,easy,UCIA-0548:discrepancy-count;UCIA-0548:history;UCIA-0548:money-value;UCIA-0548:para-a;UCIA-0548:para-b;UCIA-0548:prior-screen;UCIA-0548:sector,evaluation,uci-audit-v1,1.0.0
UCIA-0549,549,29,59.85,0.03,0.0,0.03,5,1.22,2,0,0,2.0,0,uci_audit_office_post_audit_finding,not_flagged,easy,UCIA-0549:discrepancy-count;UCIA-0549:history;UCIA-0549:money-value;UCIA-0549:para-a;UCIA-0549:para-b;UCIA-0549:prior-screen;UCIA-0549:sector,development,uci-audit-v1,1.0.0
UCIA-0550,550,2,59.85,0.0,0.0,0.0,5,1.2,2,0,1,2.2,0,uci_audit_office_post_audit_finding,cleared_after_flag,hard,UCIA-0550:discrepancy-count;UCIA-0550:history;UCIA-0550:money-value;UCIA-0550:para-a;UCIA-0550:para-b;UCIA-0550:prior-screen;UCIA-0550:sector,evaluation,uci-audit-v1,1.0.0
UCIA-0551,551,9,59.85,0.01,0.11,0.12,5,1.03,2,0,0,2.0,0,uci_audit_office_post_audit_finding,not_flagged,easy,UCIA-0551:discrepancy-count;UCIA-0551:history;UCIA-0551:money-value;UCIA-0551:para-a;UCIA-0551:para-b;UCIA-0551:prior-screen;UCIA-0551:sector,development,uci-audit-v1,1.0.0
UCIA-0552,552,32,59.85,0.0,0.0,0.0,5,2.86,2,0,0,2.0,0,uci_audit_office_post_audit_finding,not_flagged,easy,UCIA-0552:discrepancy-count;UCIA-0552:history;UCIA-0552:money-value;UCIA-0552:para-a;UCIA-0552:para-b;UCIA-0552:prior-screen;UCIA-0552:sector,evaluation,uci-audit-v1,1.0.0
UCIA-0553,553,16,59.85,0.03,0.0,0.03,5,1.55,2,0,0,2.0,0,uci_audit_office_post_audit_finding,not_flagged,easy,UCIA-0553:discrepancy-count;UCIA-0553:history;UCIA-0553:money-value;UCIA-0553:para-a;UCIA-0553:para-b;UCIA-0553:prior-screen;UCIA-0553:sector,development,uci-audit-v1,1.0.0
UCIA-0554,554,15,59.85,0.0,0.0,0.0,5,2.39,2,0,0,2.0,0,uci_audit_office_post_audit_finding,not_flagged,easy,UCIA-0554:discrepancy-count;UCIA-0554:history;UCIA-0554:money-value;UCIA-0554:para-a;UCIA-0554:para-b;UCIA-0554:prior-screen;UCIA-0554:sector,development,uci-audit-v1,1.0.0
UCIA-0555,555,13,59.85,0.07,0.0,0.07,5,10.4,2,0,1,2.4,1,uci_audit_office_post_audit_finding,misstatement_value,standard,UCIA-0555:discrepancy-count;UCIA-0555:history;UCIA-0555:money-value;UCIA-0555:para-a;UCIA-0555:para-b;UCIA-0555:prior-screen;UCIA-0555:sector,evaluation,uci-audit-v1,1.0.0
UCIA-0556,556,18,59.85,0.0,0.0,0.0,5,1.3,4,0,1,2.2,0,uci_audit_office_post_audit_finding,cleared_after_flag,hard,UCIA-0556:discrepancy-count;UCIA-0556:history;UCIA-0556:money-value;UCIA-0556:para-a;UCIA-0556:para-b;UCIA-0556:prior-screen;UCIA-0556:sector,development,uci-audit-v1,1.0.0
UCIA-0557,557,4,59.85,0.31,0.0,0.31,5,0.0,2,0,0,2.0,0,uci_audit_office_post_audit_finding,not_flagged,easy,UCIA-0557:discrepancy-count;UCIA-0557:history;UCIA-0557:money-value;UCIA-0557:para-a;UCIA-0557:para-b;UCIA-0557:prior-screen;UCIA-0557:sector,evaluation,uci-audit-v1,1.0.0
UCIA-0558,558,4,59.85,0.15,0.0,0.15,5,0.05,2,0,0,2.0,0,uci_audit_office_post_audit_finding,not_flagged,easy,UCIA-0558:discrepancy-count;UCIA-0558:history;UCIA-0558:money-value;UCIA-0558:para-a;UCIA-0558:para-b;UCIA-0558:prior-screen;UCIA-0558:sector,development,uci-audit-v1,1.0.0
UCIA-0559,559,4,59.85,0.0,0.0,0.0,5,0.0,2,0,0,2.0,0,uci_audit_office_post_audit_finding,not_flagged,easy,UCIA-0559:discrepancy-count;UCIA-0559:history;UCIA-0559:money-value;UCIA-0559:para-a;UCIA-0559:para-b;UCIA-0559:prior-screen;UCIA-0559:sector,development,uci-audit-v1,1.0.0
UCIA-0560,560,4,59.85,0.01,0.0,0.01,5,0.6,2,0,0,2.0,0,uci_audit_office_post_audit_finding,not_flagged,easy,UCIA-0560:discrepancy-count;UCIA-0560:history;UCIA-0560:money-value;UCIA-0560:para-a;UCIA-0560:para-b;UCIA-0560:prior-screen;UCIA-0560:sector,development,uci-audit-v1,1.0.0
UCIA-0561,561,5,59.85,0.15,0.0,0.15,5,0.0,2,0,0,2.0,0,uci_audit_office_post_audit_finding,not_flagged,easy,UCIA-0561:discrepancy-count;UCIA-0561:history;UCIA-0561:money-value;UCIA-0561:para-a;UCIA-0561:para-b;UCIA-0561:prior-screen;UCIA-0561:sector,evaluation,uci-audit-v1,1.0.0
UCIA-0562,562,19,59.85,0.2,0.28,0.48,5,0.0,2,0,0,2.0,0,uci_audit_office_post_audit_finding,not_flagged,easy,UCIA-0562:discrepancy-count;UCIA-0562:history;UCIA-0562:money-value;UCIA-0562:para-a;UCIA-0562:para-b;UCIA-0562:prior-screen;UCIA-0562:sector,evaluation,uci-audit-v1,1.0.0
UCIA-0563,563,9,59.85,0.06,0.0,0.06,5,0.0,2,0,0,2.0,0,uci_audit_office_post_audit_finding,not_flagged,easy,UCIA-0563:discrepancy-count;UCIA-0563:history;UCIA-0563:money-value;UCIA-0563:para-a;UCIA-0563:para-b;UCIA-0563:prior-screen;UCIA-0563:sector,development,uci-audit-v1,1.0.0
UCIA-0564,564,9,59.85,0.3,0.0,0.3,5,0.0,2,0,0,2.0,0,uci_audit_office_post_audit_finding,not_flagged,easy,UCIA-0564:discrepancy-count;UCIA-0564:history;UCIA-0564:money-value;UCIA-0564:para-a;UCIA-0564:para-b;UCIA-0564:prior-screen;UCIA-0564:sector,development,uci-audit-v1,1.0.0
UCIA-0565,565,9,59.85,0.0,0.0,0.0,5,0.0,2,0,0,2.0,0,uci_audit_office_post_audit_finding,not_flagged,easy,UCIA-0565:discrepancy-count;UCIA-0565:history;UCIA-0565:money-value;UCIA-0565:para-a;UCIA-0565:para-b;UCIA-0565:prior-screen;UCIA-0565:sector,evaluation,uci-audit-v1,1.0.0
UCIA-0566,566,32,59.85,0.0,0.0,0.0,5,0.0,2,0,0,2.0,0,uci_audit_office_post_audit_finding,not_flagged,easy,UCIA-0566:discrepancy-count;UCIA-0566:history;UCIA-0566:money-value;UCIA-0566:para-a;UCIA-0566:para-b;UCIA-0566:prior-screen;UCIA-0566:sector,development,uci-audit-v1,1.0.0
UCIA-0567,567,7,59.85,0.29,0.0,0.29,5,0.04,2,0,0,2.0,0,uci_audit_office_post_audit_finding,not_flagged,easy,UCIA-0567:discrepancy-count;UCIA-0567:history;UCIA-0567:money-value;UCIA-0567:para-a;UCIA-0567:para-b;UCIA-0567:prior-screen;UCIA-0567:sector,evaluation,uci-audit-v1,1.0.0
UCIA-0568,568,13,59.85,0.48,0.0,0.48,5,0.0,2,0,0,2.0,0,uci_audit_office_post_audit_finding,not_flagged,easy,UCIA-0568:discrepancy-count;UCIA-0568:history;UCIA-0568:money-value;UCIA-0568:para-a;UCIA-0568:para-b;UCIA-0568:prior-screen;UCIA-0568:sector,development,uci-audit-v1,1.0.0
UCIA-0569,569,21,59.85,0.39,0.39,0.78,5,0.17,4,0,1,2.2,0,uci_audit_office_post_audit_finding,cleared_after_flag,hard,UCIA-0569:discrepancy-count;UCIA-0569:history;UCIA-0569:money-value;UCIA-0569:para-a;UCIA-0569:para-b;UCIA-0569:prior-screen;UCIA-0569:sector,development,uci-audit-v1,1.0.0
UCIA-0570,570,21,59.85,0.21,0.0,0.21,5,0.33,4,0,1,2.2,0,uci_audit_office_post_audit_finding,cleared_after_flag,hard,UCIA-0570:discrepancy-count;UCIA-0570:history;UCIA-0570:money-value;UCIA-0570:para-a;UCIA-0570:para-b;UCIA-0570:prior-screen;UCIA-0570:sector,development,uci-audit-v1,1.0.0
UCIA-0571,571,1,59.85,0.0,0.0,0.0,5,0.0,2,0,0,2.0,0,uci_audit_office_post_audit_finding,not_flagged,easy,UCIA-0571:discrepancy-count;UCIA-0571:history;UCIA-0571:money-value;UCIA-0571:para-a;UCIA-0571:para-b;UCIA-0571:prior-screen;UCIA-0571:sector,development,uci-audit-v1,1.0.0
UCIA-0572,572,21,59.85,0.42,0.0,0.42,5,0.0,4,0,1,2.2,0,uci_audit_office_post_audit_finding,cleared_after_flag,hard,UCIA-0572:discrepancy-count;UCIA-0572:history;UCIA-0572:money-value;UCIA-0572:para-a;UCIA-0572:para-b;UCIA-0572:prior-screen;UCIA-0572:sector,development,uci-audit-v1,1.0.0
UCIA-0573,573,28,59.85,0.04,0.0,0.04,5,0.22,2,0,0,2.0,0,uci_audit_office_post_audit_finding,not_flagged,easy,UCIA-0573:discrepancy-count;UCIA-0573:history;UCIA-0573:money-value;UCIA-0573:para-a;UCIA-0573:para-b;UCIA-0573:prior-screen;UCIA-0573:sector,development,uci-audit-v1,1.0.0
UCIA-0574,574,14,59.85,0.0,0.22,0.22,5,0.0,2,0,0,2.0,0,uci_audit_office_post_audit_finding,not_flagged,easy,UCIA-0574:discrepancy-count;UCIA-0574:history;UCIA-0574:money-value;UCIA-0574:para-a;UCIA-0574:para-b;UCIA-0574:prior-screen;UCIA-0574:sector,development,uci-audit-v1,1.0.0
UCIA-0575,575,43,59.85,0.0,0.0,0.0,5,0.0,2,0,0,2.0,0,uci_audit_office_post_audit_finding,not_flagged,easy,UCIA-0575:discrepancy-count;UCIA-0575:history;UCIA-0575:money-value;UCIA-0575:para-a;UCIA-0575:para-b;UCIA-0575:prior-screen;UCIA-0575:sector,development,uci-audit-v1,1.0.0
UCIA-0576,576,32,55.57,0.29,0.39,0.68,5,0.05,2,0,1,2.4,0,uci_audit_office_post_audit_finding,cleared_after_flag,hard,UCIA-0576:discrepancy-count;UCIA-0576:history;UCIA-0576:money-value;UCIA-0576:para-a;UCIA-0576:para-b;UCIA-0576:prior-screen;UCIA-0576:sector,development,uci-audit-v1,1.0.0
UCIA-0577,577,9,55.57,0.0,1.96,1.96,5,0.4,2,0,1,2.6,0,uci_audit_office_post_audit_finding,cleared_after_flag,hard,UCIA-0577:discrepancy-count;UCIA-0577:history;UCIA-0577:money-value;UCIA-0577:para-a;UCIA-0577:para-b;UCIA-0577:prior-screen;UCIA-0577:sector,development,uci-audit-v1,1.0.0
UCIA-0578,578,6,55.57,2.24,7.26,9.5,5,0.24,2,0,1,3.6,1,uci_audit_office_post_audit_finding,unplanned_para_discrepancy,standard,UCIA-0578:discrepancy-count;UCIA-0578:history;UCIA-0578:money-value;UCIA-0578:para-a;UCIA-0578:para-b;UCIA-0578:prior-screen;UCIA-0578:sector,development,uci-audit-v1,1.0.0
UCIA-0579,579,6,55.57,0.62,0.42,1.04,5,0.0,2,0,0,2.0,0,uci_audit_office_post_audit_finding,not_flagged,easy,UCIA-0579:discrepancy-count;UCIA-0579:history;UCIA-0579:money-value;UCIA-0579:para-a;UCIA-0579:para-b;UCIA-0579:prior-screen;UCIA-0579:sector,evaluation,uci-audit-v1,1.0.0
UCIA-0580,580,8,55.57,1.7,5.91,7.61,5,3.68,4,0,1,3.6,1,uci_audit_office_post_audit_finding,unplanned_para_discrepancy,borderline,UCIA-0580:discrepancy-count;UCIA-0580:history;UCIA-0580:money-value;UCIA-0580:para-a;UCIA-0580:para-b;UCIA-0580:prior-screen;UCIA-0580:sector,development,uci-audit-v1,1.0.0
UCIA-0581,581,8,55.57,0.95,0.72,1.67,5,0.0,4,0,1,2.2,0,uci_audit_office_post_audit_finding,cleared_after_flag,hard,UCIA-0581:discrepancy-count;UCIA-0581:history;UCIA-0581:money-value;UCIA-0581:para-a;UCIA-0581:para-b;UCIA-0581:prior-screen;UCIA-0581:sector,development,uci-audit-v1,1.0.0
UCIA-0582,582,2,55.57,0.0,0.0,0.0,5,85.05,6,0,1,3.2,1,uci_audit_office_post_audit_finding,misstatement_value,standard,UCIA-0582:discrepancy-count;UCIA-0582:history;UCIA-0582:money-value;UCIA-0582:para-a;UCIA-0582:para-b;UCIA-0582:prior-screen;UCIA-0582:sector,development,uci-audit-v1,1.0.0
UCIA-0583,583,2,55.57,2.59,111.9,114.49,5,8.47,6,0,1,4.2,1,uci_audit_office_post_audit_finding,unplanned_para_discrepancy,standard,UCIA-0583:discrepancy-count;UCIA-0583:history;UCIA-0583:money-value;UCIA-0583:para-a;UCIA-0583:para-b;UCIA-0583:prior-screen;UCIA-0583:sector,development,uci-audit-v1,1.0.0
UCIA-0584,584,2,55.57,6.48,43.08,49.56,5,253.12,6,2,1,4.8,1,uci_audit_office_post_audit_finding,misstatement_value,standard,UCIA-0584:discrepancy-count;UCIA-0584:history;UCIA-0584:money-value;UCIA-0584:para-a;UCIA-0584:para-b;UCIA-0584:prior-screen;UCIA-0584:sector,development,uci-audit-v1,1.0.0
UCIA-0585,585,4,55.57,1.2,0.54,1.74,5,0.45,2,0,1,2.2,0,uci_audit_office_post_audit_finding,cleared_after_flag,hard,UCIA-0585:discrepancy-count;UCIA-0585:history;UCIA-0585:money-value;UCIA-0585:para-a;UCIA-0585:para-b;UCIA-0585:prior-screen;UCIA-0585:sector,evaluation,uci-audit-v1,1.0.0
UCIA-0586,586,4,55.57,0.26,0.21,0.47,5,0.05,2,0,0,2.0,0,uci_audit_office_post_audit_finding,not_flagged,easy,UCIA-0586:discrepancy-count;UCIA-0586:history;UCIA-0586:money-value;UCIA-0586:para-a;UCIA-0586:para-b;UCIA-0586:prior-screen;UCIA-0586:sector,development,uci-audit-v1,1.0.0
UCIA-0587,587,5,55.57,0.7,0.19,0.89,5,0.0,2,0,0,2.0,0,uci_audit_office_post_audit_finding,not_flagged,easy,UCIA-0587:discrepancy-count;UCIA-0587:history;UCIA-0587:money-value;UCIA-0587:para-a;UCIA-0587:para-b;UCIA-0587:prior-screen;UCIA-0587:sector,evaluation,uci-audit-v1,1.0.0
UCIA-0588,588,5,55.57,1.59,0.13,1.72,5,0.11,2,0,1,2.2,0,uci_audit_office_post_audit_finding,cleared_after_flag,hard,UCIA-0588:discrepancy-count;UCIA-0588:history;UCIA-0588:money-value;UCIA-0588:para-a;UCIA-0588:para-b;UCIA-0588:prior-screen;UCIA-0588:sector,evaluation,uci-audit-v1,1.0.0
UCIA-0589,589,19,55.57,0.0,0.0,0.0,5,0.02,2,0,0,2.0,0,uci_audit_office_post_audit_finding,not_flagged,easy,UCIA-0589:discrepancy-count;UCIA-0589:history;UCIA-0589:money-value;UCIA-0589:para-a;UCIA-0589:para-b;UCIA-0589:prior-screen;UCIA-0589:sector,development,uci-audit-v1,1.0.0
UCIA-0590,590,19,55.57,3.14,4.97,8.11,5,6.41,2,1,1,4.0,1,uci_audit_office_post_audit_finding,misstatement_value,standard,UCIA-0590:discrepancy-count;UCIA-0590:history;UCIA-0590:money-value;UCIA-0590:para-a;UCIA-0590:para-b;UCIA-0590:prior-screen;UCIA-0590:sector,development,uci-audit-v1,1.0.0
UCIA-0591,591,20,55.57,0.68,1.47,2.15,5,0.0,2,0,1,2.6,0,uci_audit_office_post_audit_finding,cleared_after_flag,hard,UCIA-0591:discrepancy-count;UCIA-0591:history;UCIA-0591:money-value;UCIA-0591:para-a;UCIA-0591:para-b;UCIA-0591:prior-screen;UCIA-0591:sector,development,uci-audit-v1,1.0.0
UCIA-0592,592,9,55.57,0.67,1.71,2.38,5,0.0,2,0,1,2.6,0,uci_audit_office_post_audit_finding,cleared_after_flag,hard,UCIA-0592:discrepancy-count;UCIA-0592:history;UCIA-0592:money-value;UCIA-0592:para-a;UCIA-0592:para-b;UCIA-0592:prior-screen;UCIA-0592:sector,development,uci-audit-v1,1.0.0
UCIA-0593,593,9,55.57,2.54,5.52,8.06,5,0.49,2,0,1,3.6,1,uci_audit_office_post_audit_finding,unplanned_para_discrepancy,standard,UCIA-0593:discrepancy-count;UCIA-0593:history;UCIA-0593:money-value;UCIA-0593:para-a;UCIA-0593:para-b;UCIA-0593:prior-screen;UCIA-0593:sector,development,uci-audit-v1,1.0.0
UCIA-0594,594,11,55.57,1.84,4.25,6.09,5,0.82,2,0,1,3.4,0,uci_audit_office_post_audit_finding,cleared_after_flag,hard,UCIA-0594:discrepancy-count;UCIA-0594:history;UCIA-0594:money-value;UCIA-0594:para-a;UCIA-0594:para-b;UCIA-0594:prior-screen;UCIA-0594:sector,development,uci-audit-v1,1.0.0
UCIA-0595,595,8,55.57,0.0,0.0,0.0,5,0.0,2,0,0,2.0,0,uci_audit_office_post_audit_finding,not_flagged,easy,UCIA-0595:discrepancy-count;UCIA-0595:history;UCIA-0595:money-value;UCIA-0595:para-a;UCIA-0595:para-b;UCIA-0595:prior-screen;UCIA-0595:sector,development,uci-audit-v1,1.0.0
UCIA-0596,596,12,55.57,3.1,4.66,7.76,5,0.59,2,0,1,3.6,1,uci_audit_office_post_audit_finding,unplanned_para_discrepancy,standard,UCIA-0596:discrepancy-count;UCIA-0596:history;UCIA-0596:money-value;UCIA-0596:para-a;UCIA-0596:para-b;UCIA-0596:prior-screen;UCIA-0596:sector,development,uci-audit-v1,1.0.0
UCIA-0597,597,12,55.57,0.79,0.46,1.25,5,0.28,2,0,0,2.0,0,uci_audit_office_post_audit_finding,not_flagged,borderline,UCIA-0597:discrepancy-count;UCIA-0597:history;UCIA-0597:money-value;UCIA-0597:para-a;UCIA-0597:para-b;UCIA-0597:prior-screen;UCIA-0597:sector,evaluation,uci-audit-v1,1.0.0
UCIA-0598,598,12,55.57,0.38,0.09,0.47,5,0.0,2,0,0,2.0,0,uci_audit_office_post_audit_finding,not_flagged,easy,UCIA-0598:discrepancy-count;UCIA-0598:history;UCIA-0598:money-value;UCIA-0598:para-a;UCIA-0598:para-b;UCIA-0598:prior-screen;UCIA-0598:sector,development,uci-audit-v1,1.0.0
UCIA-0599,599,8,55.57,2.41,4.69,7.1,5,0.25,2,0,1,3.6,1,uci_audit_office_post_audit_finding,unplanned_para_discrepancy,standard,UCIA-0599:discrepancy-count;UCIA-0599:history;UCIA-0599:money-value;UCIA-0599:para-a;UCIA-0599:para-b;UCIA-0599:prior-screen;UCIA-0599:sector,evaluation,uci-audit-v1,1.0.0
UCIA-0600,600,8,55.57,0.0,0.0,0.0,5,0.0,2,0,0,2.0,0,uci_audit_office_post_audit_finding,not_flagged,easy,UCIA-0600:discrepancy-count;UCIA-0600:history;UCIA-0600:money-value;UCIA-0600:para-a;UCIA-0600:para-b;UCIA-0600:prior-screen;UCIA-0600:sector,evaluation,uci-audit-v1,1.0.0
UCIA-0601,601,29,55.57,1.26,1.58,2.84,5,6.5,2,0,1,3.0,1,uci_audit_office_post_audit_finding,misstatement_value,borderline,UCIA-0601:discrepancy-count;UCIA-0601:history;UCIA-0601:money-value;UCIA-0601:para-a;UCIA-0601:para-b;UCIA-0601:prior-screen;UCIA-0601:sector,evaluation,uci-audit-v1,1.0.0
UCIA-0602,602,29,55.57,0.6,0.46,1.06,5,0.0,2,0,0,2.0,0,uci_audit_office_post_audit_finding,not_flagged,easy,UCIA-0602:discrepancy-count;UCIA-0602:history;UCIA-0602:money-value;UCIA-0602:para-a;UCIA-0602:para-b;UCIA-0602:prior-screen;UCIA-0602:sector,evaluation,uci-audit-v1,1.0.0
UCIA-0603,603,2,55.57,1.24,2.27,3.51,5,0.0,6,0,1,3.8,1,uci_audit_office_post_audit_finding,historical_record,borderline,UCIA-0603:discrepancy-count;UCIA-0603:history;UCIA-0603:money-value;UCIA-0603:para-a;UCIA-0603:para-b;UCIA-0603:prior-screen;UCIA-0603:sector,development,uci-audit-v1,1.0.0
UCIA-0604,604,1,55.57,0.0,0.0,0.0,5,0.0,6,0,1,2.4,1,uci_audit_office_post_audit_finding,historical_record,standard,UCIA-0604:discrepancy-count;UCIA-0604:history;UCIA-0604:money-value;UCIA-0604:para-a;UCIA-0604:para-b;UCIA-0604:prior-screen;UCIA-0604:sector,evaluation,uci-audit-v1,1.0.0
UCIA-0605,605,44,55.57,0.0006,1.11,1.1106,5,0.0,6,0,1,3.0,1,uci_audit_office_post_audit_finding,historical_record,standard,UCIA-0605:discrepancy-count;UCIA-0605:history;UCIA-0605:money-value;UCIA-0605:para-a;UCIA-0605:para-b;UCIA-0605:prior-screen;UCIA-0605:sector,evaluation,uci-audit-v1,1.0.0
UCIA-0606,606,9,55.57,1.49,2.34,3.83,5,0.25,2,0,1,3.4,0,uci_audit_office_post_audit_finding,cleared_after_flag,hard,UCIA-0606:discrepancy-count;UCIA-0606:history;UCIA-0606:money-value;UCIA-0606:para-a;UCIA-0606:para-b;UCIA-0606:prior-screen;UCIA-0606:sector,development,uci-audit-v1,1.0.0
UCIA-0607,607,32,55.57,1.27,2.0,3.27,5,0.18,2,0,1,3.4,0,uci_audit_office_post_audit_finding,cleared_after_flag,hard,UCIA-0607:discrepancy-count;UCIA-0607:history;UCIA-0607:money-value;UCIA-0607:para-a;UCIA-0607:para-b;UCIA-0607:prior-screen;UCIA-0607:sector,development,uci-audit-v1,1.0.0
UCIA-0608,608,16,55.57,2.42,3.53,5.95,5,6.31,2,0,1,3.8,1,uci_audit_office_post_audit_finding,misstatement_value,standard,UCIA-0608:discrepancy-count;UCIA-0608:history;UCIA-0608:money-value;UCIA-0608:para-a;UCIA-0608:para-b;UCIA-0608:prior-screen;UCIA-0608:sector,development,uci-audit-v1,1.0.0
UCIA-0609,609,15,55.57,0.69,0.81,1.5,5,0.0,2,0,0,2.0,0,uci_audit_office_post_audit_finding,not_flagged,easy,UCIA-0609:discrepancy-count;UCIA-0609:history;UCIA-0609:money-value;UCIA-0609:para-a;UCIA-0609:para-b;UCIA-0609:prior-screen;UCIA-0609:sector,evaluation,uci-audit-v1,1.0.0
UCIA-0610,610,15,55.57,1.85,4.16,6.01,5,0.51,2,0,1,3.4,0,uci_audit_office_post_audit_finding,cleared_after_flag,hard,UCIA-0610:discrepancy-count;UCIA-0610:history;UCIA-0610:money-value;UCIA-0610:para-a;UCIA-0610:para-b;UCIA-0610:prior-screen;UCIA-0610:sector,evaluation,uci-audit-v1,1.0.0
UCIA-0611,611,15,55.57,1.85,4.16,6.01,5,1.65,2,0,1,3.4,0,uci_audit_office_post_audit_finding,cleared_after_flag,hard,UCIA-0611:discrepancy-count;UCIA-0611:history;UCIA-0611:money-value;UCIA-0611:para-a;UCIA-0611:para-b;UCIA-0611:prior-screen;UCIA-0611:sector,evaluation,uci-audit-v1,1.0.0
UCIA-0612,612,13,55.57,2.45,5.47,7.92,5,5.61,2,0,1,3.8,1,uci_audit_office_post_audit_finding,misstatement_value,standard,UCIA-0612:discrepancy-count;UCIA-0612:history;UCIA-0612:money-value;UCIA-0612:para-a;UCIA-0612:para-b;UCIA-0612:prior-screen;UCIA-0612:sector,evaluation,uci-audit-v1,1.0.0
UCIA-0613,613,13,55.57,0.54,0.67,1.21,5,0.0,2,0,0,2.0,0,uci_audit_office_post_audit_finding,not_flagged,easy,UCIA-0613:discrepancy-count;UCIA-0613:history;UCIA-0613:money-value;UCIA-0613:para-a;UCIA-0613:para-b;UCIA-0613:prior-screen;UCIA-0613:sector,development,uci-audit-v1,1.0.0
UCIA-0614,614,22,55.57,0.0,0.0,0.0,5,0.0,2,0,0,2.0,0,uci_audit_office_post_audit_finding,not_flagged,easy,UCIA-0614:discrepancy-count;UCIA-0614:history;UCIA-0614:money-value;UCIA-0614:para-a;UCIA-0614:para-b;UCIA-0614:prior-screen;UCIA-0614:sector,development,uci-audit-v1,1.0.0
UCIA-0615,615,18,55.57,1.45,5.79,7.24,5,0.69,2,0,1,3.4,1,uci_audit_office_post_audit_finding,unplanned_para_discrepancy,borderline,UCIA-0615:discrepancy-count;UCIA-0615:history;UCIA-0615:money-value;UCIA-0615:para-a;UCIA-0615:para-b;UCIA-0615:prior-screen;UCIA-0615:sector,development,uci-audit-v1,1.0.0
UCIA-0616,616,6,55.57,0.84,0.0,0.84,5,0.0,2,0,0,2.0,0,uci_audit_office_post_audit_finding,not_flagged,borderline,UCIA-0616:discrepancy-count;UCIA-0616:history;UCIA-0616:money-value;UCIA-0616:para-a;UCIA-0616:para-b;UCIA-0616:prior-screen;UCIA-0616:sector,evaluation,uci-audit-v1,1.0.0
UCIA-0617,617,6,55.57,0.0,0.0,0.0,5,0.0,2,0,0,2.0,0,uci_audit_office_post_audit_finding,not_flagged,easy,UCIA-0617:discrepancy-count;UCIA-0617:history;UCIA-0617:money-value;UCIA-0617:para-a;UCIA-0617:para-b;UCIA-0617:prior-screen;UCIA-0617:sector,evaluation,uci-audit-v1,1.0.0
UCIA-0618,618,6,55.57,0.11,0.0,0.11,5,0.0,2,0,0,2.0,0,uci_audit_office_post_audit_finding,not_flagged,easy,UCIA-0618:discrepancy-count;UCIA-0618:history;UCIA-0618:money-value;UCIA-0618:para-a;UCIA-0618:para-b;UCIA-0618:prior-screen;UCIA-0618:sector,development,uci-audit-v1,1.0.0
UCIA-0619,619,16,55.57,0.49,0.0,0.49,5,0.0,2,0,0,2.0,0,uci_audit_office_post_audit_finding,not_flagged,easy,UCIA-0619:discrepancy-count;UCIA-0619:history;UCIA-0619:money-value;UCIA-0619:para-a;UCIA-0619:para-b;UCIA-0619:prior-screen;UCIA-0619:sector,evaluation,uci-audit-v1,1.0.0
UCIA-0620,620,6,55.57,0.41,0.0,0.41,5,0.0,2,0,0,2.0,0,uci_audit_office_post_audit_finding,not_flagged,easy,UCIA-0620:discrepancy-count;UCIA-0620:history;UCIA-0620:money-value;UCIA-0620:para-a;UCIA-0620:para-b;UCIA-0620:prior-screen;UCIA-0620:sector,evaluation,uci-audit-v1,1.0.0
UCIA-0621,621,25,55.57,0.56,0.0,0.56,5,0.0,2,0,0,2.0,0,uci_audit_office_post_audit_finding,not_flagged,easy,UCIA-0621:discrepancy-count;UCIA-0621:history;UCIA-0621:money-value;UCIA-0621:para-a;UCIA-0621:para-b;UCIA-0621:prior-screen;UCIA-0621:sector,evaluation,uci-audit-v1,1.0.0
UCIA-0622,622,6,55.57,0.87,0.0,0.87,5,0.1,2,0,0,2.0,0,uci_audit_office_post_audit_finding,not_flagged,borderline,UCIA-0622:discrepancy-count;UCIA-0622:history;UCIA-0622:money-value;UCIA-0622:para-a;UCIA-0622:para-b;UCIA-0622:prior-screen;UCIA-0622:sector,development,uci-audit-v1,1.0.0
UCIA-0623,623,25,55.57,0.5,0.0,0.5,5,0.0,2,0,0,2.0,0,uci_audit_office_post_audit_finding,not_flagged,easy,UCIA-0623:discrepancy-count;UCIA-0623:history;UCIA-0623:money-value;UCIA-0623:para-a;UCIA-0623:para-b;UCIA-0623:prior-screen;UCIA-0623:sector,evaluation,uci-audit-v1,1.0.0
UCIA-0624,624,6,55.57,0.0,0.0,0.0,5,0.02,2,0,0,2.0,0,uci_audit_office_post_audit_finding,not_flagged,easy,UCIA-0624:discrepancy-count;UCIA-0624:history;UCIA-0624:money-value;UCIA-0624:para-a;UCIA-0624:para-b;UCIA-0624:prior-screen;UCIA-0624:sector,development,uci-audit-v1,1.0.0
UCIA-0625,625,6,55.57,0.38,0.49,0.87,5,0.0,2,0,0,2.0,0,uci_audit_office_post_audit_finding,not_flagged,easy,UCIA-0625:discrepancy-count;UCIA-0625:history;UCIA-0625:money-value;UCIA-0625:para-a;UCIA-0625:para-b;UCIA-0625:prior-screen;UCIA-0625:sector,development,uci-audit-v1,1.0.0
UCIA-0626,626,6,55.57,0.0,0.03,0.03,5,0.0,2,0,0,2.0,0,uci_audit_office_post_audit_finding,not_flagged,easy,UCIA-0626:discrepancy-count;UCIA-0626:history;UCIA-0626:money-value;UCIA-0626:para-a;UCIA-0626:para-b;UCIA-0626:prior-screen;UCIA-0626:sector,evaluation,uci-audit-v1,1.0.0
UCIA-0627,627,37,55.57,0.17,0.0,0.17,5,0.0,2,0,0,2.0,0,uci_audit_office_post_audit_finding,not_flagged,easy,UCIA-0627:discrepancy-count;UCIA-0627:history;UCIA-0627:money-value;UCIA-0627:para-a;UCIA-0627:para-b;UCIA-0627:prior-screen;UCIA-0627:sector,development,uci-audit-v1,1.0.0
UCIA-0628,628,8,55.57,0.84,0.0,0.84,5,0.0,4,0,1,2.2,0,uci_audit_office_post_audit_finding,cleared_after_flag,hard,UCIA-0628:discrepancy-count;UCIA-0628:history;UCIA-0628:money-value;UCIA-0628:para-a;UCIA-0628:para-b;UCIA-0628:prior-screen;UCIA-0628:sector,evaluation,uci-audit-v1,1.0.0
UCIA-0629,629,37,55.57,0.49,4.78,5.27,5,0.0,2,0,1,3.2,0,uci_audit_office_post_audit_finding,cleared_after_flag,hard,UCIA-0629:discrepancy-count;UCIA-0629:history;UCIA-0629:money-value;UCIA-0629:para-a;UCIA-0629:para-b;UCIA-0629:prior-screen;UCIA-0629:sector,evaluation,uci-audit-v1,1.0.0
UCIA-0630,630,8,55.57,0.67,0.41,1.08,5,0.99,4,0,1,2.2,0,uci_audit_office_post_audit_finding,cleared_after_flag,hard,UCIA-0630:discrepancy-count;UCIA-0630:history;UCIA-0630:money-value;UCIA-0630:para-a;UCIA-0630:para-b;UCIA-0630:prior-screen;UCIA-0630:sector,development,uci-audit-v1,1.0.0
UCIA-0631,631,8,55.57,0.45,8.27,8.72,5,9.43,4,0,1,3.6,1,uci_audit_office_post_audit_finding,misstatement_value,standard,UCIA-0631:discrepancy-count;UCIA-0631:history;UCIA-0631:money-value;UCIA-0631:para-a;UCIA-0631:para-b;UCIA-0631:prior-screen;UCIA-0631:sector,development,uci-audit-v1,1.0.0
UCIA-0632,632,8,55.57,0.0,0.0,0.0,5,0.0,4,0,1,2.2,0,uci_audit_office_post_audit_finding,cleared_after_flag,hard,UCIA-0632:discrepancy-count;UCIA-0632:history;UCIA-0632:money-value;UCIA-0632:para-a;UCIA-0632:para-b;UCIA-0632:prior-screen;UCIA-0632:sector,development,uci-audit-v1,1.0.0
UCIA-0633,633,8,55.57,0.68,0.0,0.68,5,0.0,4,0,1,2.2,0,uci_audit_office_post_audit_finding,cleared_after_flag,hard,UCIA-0633:discrepancy-count;UCIA-0633:history;UCIA-0633:money-value;UCIA-0633:para-a;UCIA-0633:para-b;UCIA-0633:prior-screen;UCIA-0633:sector,development,uci-audit-v1,1.0.0
UCIA-0634,634,8,55.57,0.99,0.0,0.99,5,0.0,4,0,1,2.2,0,uci_audit_office_post_audit_finding,cleared_after_flag,hard,UCIA-0634:discrepancy-count;UCIA-0634:history;UCIA-0634:money-value;UCIA-0634:para-a;UCIA-0634:para-b;UCIA-0634:prior-screen;UCIA-0634:sector,development,uci-audit-v1,1.0.0
UCIA-0635,635,8,55.57,0.29,0.0,0.29,5,0.0,4,0,1,2.2,0,uci_audit_office_post_audit_finding,cleared_after_flag,hard,UCIA-0635:discrepancy-count;UCIA-0635:history;UCIA-0635:money-value;UCIA-0635:para-a;UCIA-0635:para-b;UCIA-0635:prior-screen;UCIA-0635:sector,development,uci-audit-v1,1.0.0
UCIA-0636,636,8,55.57,1.67,0.0,1.67,5,0.06,4,0,1,2.4,0,uci_audit_office_post_audit_finding,cleared_after_flag,hard,UCIA-0636:discrepancy-count;UCIA-0636:history;UCIA-0636:money-value;UCIA-0636:para-a;UCIA-0636:para-b;UCIA-0636:prior-screen;UCIA-0636:sector,development,uci-audit-v1,1.0.0
UCIA-0637,637,8,55.57,1.05,2.17,3.22,5,0.0,4,0,1,3.6,1,uci_audit_office_post_audit_finding,historical_record,borderline,UCIA-0637:discrepancy-count;UCIA-0637:history;UCIA-0637:money-value;UCIA-0637:para-a;UCIA-0637:para-b;UCIA-0637:prior-screen;UCIA-0637:sector,evaluation,uci-audit-v1,1.0.0
UCIA-0638,638,2,55.57,0.74,0.0,0.74,5,0.0,6,0,1,2.4,1,uci_audit_office_post_audit_finding,historical_record,borderline,UCIA-0638:discrepancy-count;UCIA-0638:history;UCIA-0638:money-value;UCIA-0638:para-a;UCIA-0638:para-b;UCIA-0638:prior-screen;UCIA-0638:sector,development,uci-audit-v1,1.0.0
UCIA-0639,639,2,55.57,0.0,0.0,0.0,5,0.0,6,0,1,2.4,1,uci_audit_office_post_audit_finding,historical_record,standard,UCIA-0639:discrepancy-count;UCIA-0639:history;UCIA-0639:money-value;UCIA-0639:para-a;UCIA-0639:para-b;UCIA-0639:prior-screen;UCIA-0639:sector,development,uci-audit-v1,1.0.0
UCIA-0640,640,4,55.57,0.51,1.36,1.87,5,0.0,2,0,1,2.6,0,uci_audit_office_post_audit_finding,cleared_after_flag,hard,UCIA-0640:discrepancy-count;UCIA-0640:history;UCIA-0640:money-value;UCIA-0640:para-a;UCIA-0640:para-b;UCIA-0640:prior-screen;UCIA-0640:sector,evaluation,uci-audit-v1,1.0.0
UCIA-0641,641,4,55.57,0.74,0.0,0.74,5,0.15,2,0,0,2.0,0,uci_audit_office_post_audit_finding,not_flagged,borderline,UCIA-0641:discrepancy-count;UCIA-0641:history;UCIA-0641:money-value;UCIA-0641:para-a;UCIA-0641:para-b;UCIA-0641:prior-screen;UCIA-0641:sector,development,uci-audit-v1,1.0.0
UCIA-0642,642,4,55.57,0.23,0.0,0.23,5,0.09,2,0,0,2.0,0,uci_audit_office_post_audit_finding,not_flagged,easy,UCIA-0642:discrepancy-count;UCIA-0642:history;UCIA-0642:money-value;UCIA-0642:para-a;UCIA-0642:para-b;UCIA-0642:prior-screen;UCIA-0642:sector,development,uci-audit-v1,1.0.0
UCIA-0643,643,4,55.57,0.0,1.3,1.3,5,0.0,2,0,1,2.6,0,uci_audit_office_post_audit_finding,cleared_after_flag,hard,UCIA-0643:discrepancy-count;UCIA-0643:history;UCIA-0643:money-value;UCIA-0643:para-a;UCIA-0643:para-b;UCIA-0643:prior-screen;UCIA-0643:sector,evaluation,uci-audit-v1,1.0.0
UCIA-0644,644,4,55.57,0.49,0.0,0.49,5,0.0,2,0,0,2.0,0,uci_audit_office_post_audit_finding,not_flagged,easy,UCIA-0644:discrepancy-count;UCIA-0644:history;UCIA-0644:money-value;UCIA-0644:para-a;UCIA-0644:para-b;UCIA-0644:prior-screen;UCIA-0644:sector,evaluation,uci-audit-v1,1.0.0
UCIA-0645,645,4,55.57,0.73,0.0,0.73,5,0.0,2,0,0,2.0,0,uci_audit_office_post_audit_finding,not_flagged,borderline,UCIA-0645:discrepancy-count;UCIA-0645:history;UCIA-0645:money-value;UCIA-0645:para-a;UCIA-0645:para-b;UCIA-0645:prior-screen;UCIA-0645:sector,evaluation,uci-audit-v1,1.0.0
UCIA-0646,646,4,55.57,0.28,0.25,0.53,5,0.0,2,0,0,2.0,0,uci_audit_office_post_audit_finding,not_flagged,easy,UCIA-0646:discrepancy-count;UCIA-0646:history;UCIA-0646:money-value;UCIA-0646:para-a;UCIA-0646:para-b;UCIA-0646:prior-screen;UCIA-0646:sector,development,uci-audit-v1,1.0.0
UCIA-0647,647,4,55.57,0.32,0.0,0.32,5,0.0,2,0,1,2.2,0,uci_audit_office_post_audit_finding,cleared_after_flag,hard,UCIA-0647:discrepancy-count;UCIA-0647:history;UCIA-0647:money-value;UCIA-0647:para-a;UCIA-0647:para-b;UCIA-0647:prior-screen;UCIA-0647:sector,development,uci-audit-v1,1.0.0
UCIA-0648,648,14,55.57,0.21,0.0,0.21,5,0.0,2,0,0,2.0,0,uci_audit_office_post_audit_finding,not_flagged,easy,UCIA-0648:discrepancy-count;UCIA-0648:history;UCIA-0648:money-value;UCIA-0648:para-a;UCIA-0648:para-b;UCIA-0648:prior-screen;UCIA-0648:sector,development,uci-audit-v1,1.0.0
UCIA-0649,649,14,55.57,1.63,0.0,1.63,5,0.0,2,0,1,2.2,0,uci_audit_office_post_audit_finding,cleared_after_flag,hard,UCIA-0649:discrepancy-count;UCIA-0649:history;UCIA-0649:money-value;UCIA-0649:para-a;UCIA-0649:para-b;UCIA-0649:prior-screen;UCIA-0649:sector,evaluation,uci-audit-v1,1.0.0
UCIA-0650,650,36,55.57,0.8,0.0,0.8,5,0.0,2,0,0,2.0,0,uci_audit_office_post_audit_finding,not_flagged,borderline,UCIA-0650:discrepancy-count;UCIA-0650:history;UCIA-0650:money-value;UCIA-0650:para-a;UCIA-0650:para-b;UCIA-0650:prior-screen;UCIA-0650:sector,development,uci-audit-v1,1.0.0
UCIA-0651,651,5,55.57,0.0,0.0,0.0,5,0.0,2,0,0,2.0,0,uci_audit_office_post_audit_finding,not_flagged,easy,UCIA-0651:discrepancy-count;UCIA-0651:history;UCIA-0651:money-value;UCIA-0651:para-a;UCIA-0651:para-b;UCIA-0651:prior-screen;UCIA-0651:sector,evaluation,uci-audit-v1,1.0.0
UCIA-0652,652,43,55.57,0.83,0.0,0.83,5,0.0,2,0,0,2.0,0,uci_audit_office_post_audit_finding,not_flagged,borderline,UCIA-0652:discrepancy-count;UCIA-0652:history;UCIA-0652:money-value;UCIA-0652:para-a;UCIA-0652:para-b;UCIA-0652:prior-screen;UCIA-0652:sector,development,uci-audit-v1,1.0.0
UCIA-0653,653,5,55.57,0.57,1.26,1.83,5,0.1,2,0,1,2.6,0,uci_audit_office_post_audit_finding,cleared_after_flag,hard,UCIA-0653:discrepancy-count;UCIA-0653:history;UCIA-0653:money-value;UCIA-0653:para-a;UCIA-0653:para-b;UCIA-0653:prior-screen;UCIA-0653:sector,evaluation,uci-audit-v1,1.0.0
UCIA-0654,654,5,55.57,0.71,0.0,0.71,5,0.0,2,0,0,2.0,0,uci_audit_office_post_audit_finding,not_flagged,borderline,UCIA-0654:discrepancy-count;UCIA-0654:history;UCIA-0654:money-value;UCIA-0654:para-a;UCIA-0654:para-b;UCIA-0654:prior-screen;UCIA-0654:sector,development,uci-audit-v1,1.0.0
UCIA-0655,655,5,55.57,0.15,0.0,0.15,5,0.0,2,0,0,2.0,0,uci_audit_office_post_audit_finding,not_flagged,easy,UCIA-0655:discrepancy-count;UCIA-0655:history;UCIA-0655:money-value;UCIA-0655:para-a;UCIA-0655:para-b;UCIA-0655:prior-screen;UCIA-0655:sector,development,uci-audit-v1,1.0.0
UCIA-0656,656,5,55.57,1.26,0.0,1.26,5,0.0,2,0,1,2.2,0,uci_audit_office_post_audit_finding,cleared_after_flag,hard,UCIA-0656:discrepancy-count;UCIA-0656:history;UCIA-0656:money-value;UCIA-0656:para-a;UCIA-0656:para-b;UCIA-0656:prior-screen;UCIA-0656:sector,evaluation,uci-audit-v1,1.0.0
UCIA-0657,657,5,55.57,0.0,0.0,0.0,5,0.01,2,0,0,2.0,0,uci_audit_office_post_audit_finding,not_flagged,easy,UCIA-0657:discrepancy-count;UCIA-0657:history;UCIA-0657:money-value;UCIA-0657:para-a;UCIA-0657:para-b;UCIA-0657:prior-screen;UCIA-0657:sector,development,uci-audit-v1,1.0.0
UCIA-0658,658,43,55.57,0.0,0.0,0.0,5,0.0,2,0,0,2.0,0,uci_audit_office_post_audit_finding,not_flagged,easy,UCIA-0658:discrepancy-count;UCIA-0658:history;UCIA-0658:money-value;UCIA-0658:para-a;UCIA-0658:para-b;UCIA-0658:prior-screen;UCIA-0658:sector,evaluation,uci-audit-v1,1.0.0
UCIA-0659,659,5,55.57,0.0,0.0,0.0,5,0.0,2,0,0,2.0,0,uci_audit_office_post_audit_finding,not_flagged,easy,UCIA-0659:discrepancy-count;UCIA-0659:history;UCIA-0659:money-value;UCIA-0659:para-a;UCIA-0659:para-b;UCIA-0659:prior-screen;UCIA-0659:sector,development,uci-audit-v1,1.0.0
UCIA-0660,660,5,55.57,0.09,0.0,0.09,5,0.0,2,0,0,2.0,0,uci_audit_office_post_audit_finding,not_flagged,easy,UCIA-0660:discrepancy-count;UCIA-0660:history;UCIA-0660:money-value;UCIA-0660:para-a;UCIA-0660:para-b;UCIA-0660:prior-screen;UCIA-0660:sector,development,uci-audit-v1,1.0.0
UCIA-0661,661,5,55.57,0.51,0.03,0.54,5,0.0,2,0,0,2.0,0,uci_audit_office_post_audit_finding,not_flagged,easy,UCIA-0661:discrepancy-count;UCIA-0661:history;UCIA-0661:money-value;UCIA-0661:para-a;UCIA-0661:para-b;UCIA-0661:prior-screen;UCIA-0661:sector,evaluation,uci-audit-v1,1.0.0
UCIA-0662,662,5,55.57,0.49,0.0,0.49,5,0.02,2,0,0,2.0,0,uci_audit_office_post_audit_finding,not_flagged,easy,UCIA-0662:discrepancy-count;UCIA-0662:history;UCIA-0662:money-value;UCIA-0662:para-a;UCIA-0662:para-b;UCIA-0662:prior-screen;UCIA-0662:sector,development,uci-audit-v1,1.0.0
UCIA-0663,663,19,55.57,1.1,0.0,1.1,5,0.0,2,0,1,2.2,0,uci_audit_office_post_audit_finding,cleared_after_flag,hard,UCIA-0663:discrepancy-count;UCIA-0663:history;UCIA-0663:money-value;UCIA-0663:para-a;UCIA-0663:para-b;UCIA-0663:prior-screen;UCIA-0663:sector,development,uci-audit-v1,1.0.0
UCIA-0664,664,8,55.57,1.14,0.0,1.14,5,0.0,4,0,1,2.4,0,uci_audit_office_post_audit_finding,cleared_after_flag,hard,UCIA-0664:discrepancy-count;UCIA-0664:history;UCIA-0664:money-value;UCIA-0664:para-a;UCIA-0664:para-b;UCIA-0664:prior-screen;UCIA-0664:sector,development,uci-audit-v1,1.0.0
UCIA-0665,665,19,55.57,0.0,0.0,0.0,5,0.0,2,0,0,2.0,0,uci_audit_office_post_audit_finding,not_flagged,easy,UCIA-0665:discrepancy-count;UCIA-0665:history;UCIA-0665:money-value;UCIA-0665:para-a;UCIA-0665:para-b;UCIA-0665:prior-screen;UCIA-0665:sector,evaluation,uci-audit-v1,1.0.0
UCIA-0666,666,19,55.57,2.3,0.0,2.3,5,0.0,2,0,1,2.4,0,uci_audit_office_post_audit_finding,cleared_after_flag,hard,UCIA-0666:discrepancy-count;UCIA-0666:history;UCIA-0666:money-value;UCIA-0666:para-a;UCIA-0666:para-b;UCIA-0666:prior-screen;UCIA-0666:sector,development,uci-audit-v1,1.0.0
UCIA-0667,667,19,55.57,1.6,0.49,2.09,5,88.34,2,0,1,2.6,1,uci_audit_office_post_audit_finding,misstatement_value,borderline,UCIA-0667:discrepancy-count;UCIA-0667:history;UCIA-0667:money-value;UCIA-0667:para-a;UCIA-0667:para-b;UCIA-0667:prior-screen;UCIA-0667:sector,development,uci-audit-v1,1.0.0
UCIA-0668,668,19,55.57,1.49,0.0,1.49,5,0.0,2,0,1,2.2,0,uci_audit_office_post_audit_finding,cleared_after_flag,hard,UCIA-0668:discrepancy-count;UCIA-0668:history;UCIA-0668:money-value;UCIA-0668:para-a;UCIA-0668:para-b;UCIA-0668:prior-screen;UCIA-0668:sector,evaluation,uci-audit-v1,1.0.0
UCIA-0669,669,19,55.57,0.24,0.0,0.24,5,0.0,2,0,0,2.0,0,uci_audit_office_post_audit_finding,not_flagged,easy,UCIA-0669:discrepancy-count;UCIA-0669:history;UCIA-0669:money-value;UCIA-0669:para-a;UCIA-0669:para-b;UCIA-0669:prior-screen;UCIA-0669:sector,evaluation,uci-audit-v1,1.0.0
UCIA-0670,670,19,55.57,0.42,0.0,0.42,5,0.0,2,0,0,2.0,0,uci_audit_office_post_audit_finding,not_flagged,easy,UCIA-0670:discrepancy-count;UCIA-0670:history;UCIA-0670:money-value;UCIA-0670:para-a;UCIA-0670:para-b;UCIA-0670:prior-screen;UCIA-0670:sector,development,uci-audit-v1,1.0.0
UCIA-0671,671,19,55.57,1.07,0.16,1.23,5,0.0,2,0,1,2.2,0,uci_audit_office_post_audit_finding,cleared_after_flag,hard,UCIA-0671:discrepancy-count;UCIA-0671:history;UCIA-0671:money-value;UCIA-0671:para-a;UCIA-0671:para-b;UCIA-0671:prior-screen;UCIA-0671:sector,development,uci-audit-v1,1.0.0
UCIA-0672,672,22,55.57,1.39,0.0,1.39,5,0.0,2,0,1,2.2,0,uci_audit_office_post_audit_finding,cleared_after_flag,hard,UCIA-0672:discrepancy-count;UCIA-0672:history;UCIA-0672:money-value;UCIA-0672:para-a;UCIA-0672:para-b;UCIA-0672:prior-screen;UCIA-0672:sector,evaluation,uci-audit-v1,1.0.0
UCIA-0673,673,22,55.57,0.07,0.0,0.07,5,0.0,2,0,0,2.0,0,uci_audit_office_post_audit_finding,not_flagged,easy,UCIA-0673:discrepancy-count;UCIA-0673:history;UCIA-0673:money-value;UCIA-0673:para-a;UCIA-0673:para-b;UCIA-0673:prior-screen;UCIA-0673:sector,evaluation,uci-audit-v1,1.0.0
UCIA-0674,674,9,55.57,0.49,0.4,0.89,5,0.0,2,0,0,2.0,0,uci_audit_office_post_audit_finding,not_flagged,easy,UCIA-0674:discrepancy-count;UCIA-0674:history;UCIA-0674:money-value;UCIA-0674:para-a;UCIA-0674:para-b;UCIA-0674:prior-screen;UCIA-0674:sector,development,uci-audit-v1,1.0.0
UCIA-0675,675,9,55.57,0.88,0.54,1.42,5,0.11,2,0,0,2.0,0,uci_audit_office_post_audit_finding,not_flagged,borderline,UCIA-0675:discrepancy-count;UCIA-0675:history;UCIA-0675:money-value;UCIA-0675:para-a;UCIA-0675:para-b;UCIA-0675:prior-screen;UCIA-0675:sector,development,uci-audit-v1,1.0.0
UCIA-0676,676,19,55.57,0.0,1.74,1.74,5,0.0,2,0,1,2.6,0,uci_audit_office_post_audit_finding,cleared_after_flag,hard,UCIA-0676:discrepancy-count;UCIA-0676:history;UCIA-0676:money-value;UCIA-0676:para-a;UCIA-0676:para-b;UCIA-0676:prior-screen;UCIA-0676:sector,evaluation,uci-audit-v1,1.0.0
UCIA-0677,677,9,55.57,1.28,0.0,1.28,5,0.22,2,0,1,2.2,0,uci_audit_office_post_audit_finding,cleared_after_flag,hard,UCIA-0677:discrepancy-count;UCIA-0677:history;UCIA-0677:money-value;UCIA-0677:para-a;UCIA-0677:para-b;UCIA-0677:prior-screen;UCIA-0677:sector,evaluation,uci-audit-v1,1.0.0
UCIA-0678,678,9,55.57,0.0,0.0,0.0,5,0.0,2,0,0,2.0,0,uci_audit_office_post_audit_finding,not_flagged,easy,UCIA-0678:discrepancy-count;UCIA-0678:history;UCIA-0678:money-value;UCIA-0678:para-a;UCIA-0678:para-b;UCIA-0678:prior-screen;UCIA-0678:sector,development,uci-audit-v1,1.0.0
UCIA-0679,679,9,55.57,0.0,0.0,0.0,5,0.0,2,0,0,2.0,0,uci_audit_office_post_audit_finding,not_flagged,easy,UCIA-0679:discrepancy-count;UCIA-0679:history;UCIA-0679:money-value;UCIA-0679:para-a;UCIA-0679:para-b;UCIA-0679:prior-screen;UCIA-0679:sector,development,uci-audit-v1,1.0.0
UCIA-0680,680,9,55.57,0.21,0.0,0.21,5,0.0,2,0,0,2.0,0,uci_audit_office_post_audit_finding,not_flagged,easy,UCIA-0680:discrepancy-count;UCIA-0680:history;UCIA-0680:money-value;UCIA-0680:para-a;UCIA-0680:para-b;UCIA-0680:prior-screen;UCIA-0680:sector,development,uci-audit-v1,1.0.0
UCIA-0681,681,9,55.57,0.92,0.0,0.92,5,0.0,2,0,0,2.0,0,uci_audit_office_post_audit_finding,not_flagged,borderline,UCIA-0681:discrepancy-count;UCIA-0681:history;UCIA-0681:money-value;UCIA-0681:para-a;UCIA-0681:para-b;UCIA-0681:prior-screen;UCIA-0681:sector,evaluation,uci-audit-v1,1.0.0
UCIA-0682,682,9,55.57,0.17,0.0,0.17,5,0.0,2,0,0,2.0,0,uci_audit_office_post_audit_finding,not_flagged,easy,UCIA-0682:discrepancy-count;UCIA-0682:history;UCIA-0682:money-value;UCIA-0682:para-a;UCIA-0682:para-b;UCIA-0682:prior-screen;UCIA-0682:sector,evaluation,uci-audit-v1,1.0.0
UCIA-0683,683,9,55.57,0.26,0.0021,0.2621,5,0.0,2,0,0,2.0,0,uci_audit_office_post_audit_finding,not_flagged,easy,UCIA-0683:discrepancy-count;UCIA-0683:history;UCIA-0683:money-value;UCIA-0683:para-a;UCIA-0683:para-b;UCIA-0683:prior-screen;UCIA-0683:sector,development,uci-audit-v1,1.0.0
UCIA-0684,684,9,55.57,0.78,0.0,0.78,5,0.0,2,0,0,2.0,0,uci_audit_office_post_audit_finding,not_flagged,borderline,UCIA-0684:discrepancy-count;UCIA-0684:history;UCIA-0684:money-value;UCIA-0684:para-a;UCIA-0684:para-b;UCIA-0684:prior-screen;UCIA-0684:sector,development,uci-audit-v1,1.0.0
UCIA-0685,685,11,55.57,0.98,0.0,0.98,5,0.0,2,0,0,2.0,0,uci_audit_office_post_audit_finding,not_flagged,borderline,UCIA-0685:discrepancy-count;UCIA-0685:history;UCIA-0685:money-value;UCIA-0685:para-a;UCIA-0685:para-b;UCIA-0685:prior-screen;UCIA-0685:sector,evaluation,uci-audit-v1,1.0.0
UCIA-0686,686,11,55.57,0.27,0.0017,0.2717,5,0.0,2,0,0,2.0,0,uci_audit_office_post_audit_finding,not_flagged,easy,UCIA-0686:discrepancy-count;UCIA-0686:history;UCIA-0686:money-value;UCIA-0686:para-a;UCIA-0686:para-b;UCIA-0686:prior-screen;UCIA-0686:sector,development,uci-audit-v1,1.0.0
UCIA-0687,687,11,55.57,0.41,0.11,0.52,5,0.0,2,0,0,2.0,0,uci_audit_office_post_audit_finding,not_flagged,easy,UCIA-0687:discrepancy-count;UCIA-0687:history;UCIA-0687:money-value;UCIA-0687:para-a;UCIA-0687:para-b;UCIA-0687:prior-screen;UCIA-0687:sector,development,uci-audit-v1,1.0.0
UCIA-0688,688,11,55.57,0.74,0.0,0.74,5,0.71,2,0,0,2.0,0,uci_audit_office_post_audit_finding,not_flagged,borderline,UCIA-0688:discrepancy-count;UCIA-0688:history;UCIA-0688:money-value;UCIA-0688:para-a;UCIA-0688:para-b;UCIA-0688:prior-screen;UCIA-0688:sector,development,uci-audit-v1,1.0.0
UCIA-0689,689,11,55.57,0.82,2.92,3.74,5,0.0,2,0,1,3.2,0,uci_audit_office_post_audit_finding,cleared_after_flag,hard,UCIA-0689:discrepancy-count;UCIA-0689:history;UCIA-0689:money-value;UCIA-0689:para-a;UCIA-0689:para-b;UCIA-0689:prior-screen;UCIA-0689:sector,evaluation,uci-audit-v1,1.0.0
UCIA-0690,690,12,55.57,0.0,11.68,11.68,5,0.0,2,0,1,3.2,1,uci_audit_office_post_audit_finding,unplanned_para_discrepancy,standard,UCIA-0690:discrepancy-count;UCIA-0690:history;UCIA-0690:money-value;UCIA-0690:para-a;UCIA-0690:para-b;UCIA-0690:prior-screen;UCIA-0690:sector,evaluation,uci-audit-v1,1.0.0
UCIA-0691,691,12,55.57,0.61,0.0,0.61,5,0.0,2,0,0,2.0,0,uci_audit_office_post_audit_finding,not_flagged,easy,UCIA-0691:discrepancy-count;UCIA-0691:history;UCIA-0691:money-value;UCIA-0691:para-a;UCIA-0691:para-b;UCIA-0691:prior-screen;UCIA-0691:sector,development,uci-audit-v1,1.0.0
UCIA-0692,692,12,55.57,0.62,0.47,1.09,5,0.58,2,0,0,2.0,0,uci_audit_office_post_audit_finding,not_flagged,easy,UCIA-0692:discrepancy-count;UCIA-0692:history;UCIA-0692:money-value;UCIA-0692:para-a;UCIA-0692:para-b;UCIA-0692:prior-screen;UCIA-0692:sector,development,uci-audit-v1,1.0.0
UCIA-0693,693,12,55.57,0.0,0.0,0.0,5,3.57,2,0,0,2.0,0,uci_audit_office_post_audit_finding,not_flagged,easy,UCIA-0693:discrepancy-count;UCIA-0693:history;UCIA-0693:money-value;UCIA-0693:para-a;UCIA-0693:para-b;UCIA-0693:prior-screen;UCIA-0693:sector,development,uci-audit-v1,1.0.0
UCIA-0694,694,12,55.57,0.0,0.0,0.0,5,0.0,2,0,0,2.0,0,uci_audit_office_post_audit_finding,not_flagged,easy,UCIA-0694:discrepancy-count;UCIA-0694:history;UCIA-0694:money-value;UCIA-0694:para-a;UCIA-0694:para-b;UCIA-0694:prior-screen;UCIA-0694:sector,development,uci-audit-v1,1.0.0
UCIA-0695,695,12,55.57,0.0,0.0,0.0,5,0.0,2,0,0,2.0,0,uci_audit_office_post_audit_finding,not_flagged,easy,UCIA-0695:discrepancy-count;UCIA-0695:history;UCIA-0695:money-value;UCIA-0695:para-a;UCIA-0695:para-b;UCIA-0695:prior-screen;UCIA-0695:sector,development,uci-audit-v1,1.0.0
UCIA-0696,696,12,55.57,0.0,0.0,0.0,5,0.0,2,0,0,2.0,0,uci_audit_office_post_audit_finding,not_flagged,easy,UCIA-0696:discrepancy-count;UCIA-0696:history;UCIA-0696:money-value;UCIA-0696:para-a;UCIA-0696:para-b;UCIA-0696:prior-screen;UCIA-0696:sector,development,uci-audit-v1,1.0.0
UCIA-0697,697,12,55.57,1.08,0.0,1.08,5,0.0,2,0,1,2.2,0,uci_audit_office_post_audit_finding,cleared_after_flag,hard,UCIA-0697:discrepancy-count;UCIA-0697:history;UCIA-0697:money-value;UCIA-0697:para-a;UCIA-0697:para-b;UCIA-0697:prior-screen;UCIA-0697:sector,development,uci-audit-v1,1.0.0
UCIA-0698,698,12,55.57,0.7,0.0,0.7,5,0.0,2,0,0,2.0,0,uci_audit_office_post_audit_finding,not_flagged,easy,UCIA-0698:discrepancy-count;UCIA-0698:history;UCIA-0698:money-value;UCIA-0698:para-a;UCIA-0698:para-b;UCIA-0698:prior-screen;UCIA-0698:sector,evaluation,uci-audit-v1,1.0.0
UCIA-0699,699,8,55.57,1.36,0.0,1.36,5,0.0,2,0,1,2.2,0,uci_audit_office_post_audit_finding,cleared_after_flag,hard,UCIA-0699:discrepancy-count;UCIA-0699:history;UCIA-0699:money-value;UCIA-0699:para-a;UCIA-0699:para-b;UCIA-0699:prior-screen;UCIA-0699:sector,development,uci-audit-v1,1.0.0
UCIA-0700,700,8,55.57,0.0,5.24,5.24,5,0.0,2,0,1,3.2,0,uci_audit_office_post_audit_finding,cleared_after_flag,hard,UCIA-0700:discrepancy-count;UCIA-0700:history;UCIA-0700:money-value;UCIA-0700:para-a;UCIA-0700:para-b;UCIA-0700:prior-screen;UCIA-0700:sector,development,uci-audit-v1,1.0.0
UCIA-0701,701,8,55.57,0.32,0.17,0.49,5,0.0,2,0,0,2.0,0,uci_audit_office_post_audit_finding,not_flagged,easy,UCIA-0701:discrepancy-count;UCIA-0701:history;UCIA-0701:money-value;UCIA-0701:para-a;UCIA-0701:para-b;UCIA-0701:prior-screen;UCIA-0701:sector,development,uci-audit-v1,1.0.0
UCIA-0702,702,8,55.57,0.33,0.0013,0.3313,5,0.0,2,0,0,2.0,0,uci_audit_office_post_audit_finding,not_flagged,easy,UCIA-0702:discrepancy-count;UCIA-0702:history;UCIA-0702:money-value;UCIA-0702:para-a;UCIA-0702:para-b;UCIA-0702:prior-screen;UCIA-0702:sector,development,uci-audit-v1,1.0.0
UCIA-0703,703,8,55.57,1.08,0.92,2.0,5,0.04,2,0,1,2.2,0,uci_audit_office_post_audit_finding,cleared_after_flag,hard,UCIA-0703:discrepancy-count;UCIA-0703:history;UCIA-0703:money-value;UCIA-0703:para-a;UCIA-0703:para-b;UCIA-0703:prior-screen;UCIA-0703:sector,development,uci-audit-v1,1.0.0
UCIA-0704,704,8,55.57,0.0,0.0,0.0,5,0.0,2,0,0,2.0,0,uci_audit_office_post_audit_finding,not_flagged,easy,UCIA-0704:discrepancy-count;UCIA-0704:history;UCIA-0704:money-value;UCIA-0704:para-a;UCIA-0704:para-b;UCIA-0704:prior-screen;UCIA-0704:sector,evaluation,uci-audit-v1,1.0.0
UCIA-0705,705,8,55.57,0.6,0.0,0.6,5,0.0,2,0,0,2.0,0,uci_audit_office_post_audit_finding,not_flagged,easy,UCIA-0705:discrepancy-count;UCIA-0705:history;UCIA-0705:money-value;UCIA-0705:para-a;UCIA-0705:para-b;UCIA-0705:prior-screen;UCIA-0705:sector,development,uci-audit-v1,1.0.0
UCIA-0706,706,27,55.57,0.76,0.0,0.76,5,0.0,2,0,0,2.0,0,uci_audit_office_post_audit_finding,not_flagged,borderline,UCIA-0706:discrepancy-count;UCIA-0706:history;UCIA-0706:money-value;UCIA-0706:para-a;UCIA-0706:para-b;UCIA-0706:prior-screen;UCIA-0706:sector,evaluation,uci-audit-v1,1.0.0
UCIA-0707,707,27,55.57,0.0,2.99,2.99,5,0.06,2,0,1,3.2,0,uci_audit_office_post_audit_finding,cleared_after_flag,hard,UCIA-0707:discrepancy-count;UCIA-0707:history;UCIA-0707:money-value;UCIA-0707:para-a;UCIA-0707:para-b;UCIA-0707:prior-screen;UCIA-0707:sector,development,uci-audit-v1,1.0.0
UCIA-0708,708,29,55.57,0.0,0.0,0.0,5,0.0,2,0,0,2.0,0,uci_audit_office_post_audit_finding,not_flagged,easy,UCIA-0708:discrepancy-count;UCIA-0708:history;UCIA-0708:money-value;UCIA-0708:para-a;UCIA-0708:para-b;UCIA-0708:prior-screen;UCIA-0708:sector,evaluation,uci-audit-v1,1.0.0
UCIA-0709,709,29,55.57,0.49,0.28,0.77,5,0.07,2,0,0,2.0,0,uci_audit_office_post_audit_finding,not_flagged,easy,UCIA-0709:discrepancy-count;UCIA-0709:history;UCIA-0709:money-value;UCIA-0709:para-a;UCIA-0709:para-b;UCIA-0709:prior-screen;UCIA-0709:sector,evaluation,uci-audit-v1,1.0.0
UCIA-0710,710,29,55.57,0.0,0.81,0.81,5,0.0,2,0,0,2.0,0,uci_audit_office_post_audit_finding,not_flagged,easy,UCIA-0710:discrepancy-count;UCIA-0710:history;UCIA-0710:money-value;UCIA-0710:para-a;UCIA-0710:para-b;UCIA-0710:prior-screen;UCIA-0710:sector,development,uci-audit-v1,1.0.0
UCIA-0711,711,29,55.57,0.41,0.0,0.41,5,0.0,2,0,0,2.0,0,uci_audit_office_post_audit_finding,not_flagged,easy,UCIA-0711:discrepancy-count;UCIA-0711:history;UCIA-0711:money-value;UCIA-0711:para-a;UCIA-0711:para-b;UCIA-0711:prior-screen;UCIA-0711:sector,development,uci-audit-v1,1.0.0
UCIA-0712,712,27,55.57,0.0,0.0,0.0,5,0.0,2,0,0,2.0,0,uci_audit_office_post_audit_finding,not_flagged,easy,UCIA-0712:discrepancy-count;UCIA-0712:history;UCIA-0712:money-value;UCIA-0712:para-a;UCIA-0712:para-b;UCIA-0712:prior-screen;UCIA-0712:sector,evaluation,uci-audit-v1,1.0.0
UCIA-0713,713,29,55.57,0.82,0.0,0.82,5,0.0,2,0,0,2.0,0,uci_audit_office_post_audit_finding,not_flagged,borderline,UCIA-0713:discrepancy-count;UCIA-0713:history;UCIA-0713:money-value;UCIA-0713:para-a;UCIA-0713:para-b;UCIA-0713:prior-screen;UCIA-0713:sector,development,uci-audit-v1,1.0.0
UCIA-0714,714,29,55.57,0.32,0.0009,0.3209,5,0.0,2,0,0,2.0,0,uci_audit_office_post_audit_finding,not_flagged,easy,UCIA-0714:discrepancy-count;UCIA-0714:history;UCIA-0714:money-value;UCIA-0714:para-a;UCIA-0714:para-b;UCIA-0714:prior-screen;UCIA-0714:sector,development,uci-audit-v1,1.0.0
UCIA-0715,715,27,55.57,0.0,0.0,0.0,5,0.0,2,0,0,2.0,0,uci_audit_office_post_audit_finding,not_flagged,easy,UCIA-0715:discrepancy-count;UCIA-0715:history;UCIA-0715:money-value;UCIA-0715:para-a;UCIA-0715:para-b;UCIA-0715:prior-screen;UCIA-0715:sector,evaluation,uci-audit-v1,1.0.0
UCIA-0716,716,2,55.57,0.0,0.0,0.0,5,0.0,6,0,1,2.4,1,uci_audit_office_post_audit_finding,historical_record,standard,UCIA-0716:discrepancy-count;UCIA-0716:history;UCIA-0716:money-value;UCIA-0716:para-a;UCIA-0716:para-b;UCIA-0716:prior-screen;UCIA-0716:sector,evaluation,uci-audit-v1,1.0.0
UCIA-0717,717,2,55.57,1.06,0.63,1.69,5,0.9,6,0,1,2.6,1,uci_audit_office_post_audit_finding,historical_record,borderline,UCIA-0717:discrepancy-count;UCIA-0717:history;UCIA-0717:money-value;UCIA-0717:para-a;UCIA-0717:para-b;UCIA-0717:prior-screen;UCIA-0717:sector,development,uci-audit-v1,1.0.0
UCIA-0718,718,28,55.57,0.0,0.0,0.0,5,0.0,2,0,0,2.0,0,uci_audit_office_post_audit_finding,not_flagged,easy,UCIA-0718:discrepancy-count;UCIA-0718:history;UCIA-0718:money-value;UCIA-0718:para-a;UCIA-0718:para-b;UCIA-0718:prior-screen;UCIA-0718:sector,development,uci-audit-v1,1.0.0
UCIA-0719,719,28,55.57,0.0,0.0,0.0,5,0.13,2,0,0,2.0,0,uci_audit_office_post_audit_finding,not_flagged,easy,UCIA-0719:discrepancy-count;UCIA-0719:history;UCIA-0719:money-value;UCIA-0719:para-a;UCIA-0719:para-b;UCIA-0719:prior-screen;UCIA-0719:sector,development,uci-audit-v1,1.0.0
UCIA-0720,720,17,55.57,0.0,0.0,0.0,5,0.0,2,0,0,2.0,0,uci_audit_office_post_audit_finding,not_flagged,easy,UCIA-0720:discrepancy-count;UCIA-0720:history;UCIA-0720:money-value;UCIA-0720:para-a;UCIA-0720:para-b;UCIA-0720:prior-screen;UCIA-0720:sector,evaluation,uci-audit-v1,1.0.0
UCIA-0721,721,9,55.57,0.51,1.63,2.14,5,1.8,2,0,1,2.6,0,uci_audit_office_post_audit_finding,cleared_after_flag,hard,UCIA-0721:discrepancy-count;UCIA-0721:history;UCIA-0721:money-value;UCIA-0721:para-a;UCIA-0721:para-b;UCIA-0721:prior-screen;UCIA-0721:sector,evaluation,uci-audit-v1,1.0.0
UCIA-0722,722,9,55.57,1.06,0.0,1.06,5,0.0,2,0,1,2.2,0,uci_audit_office_post_audit_finding,cleared_after_flag,hard,UCIA-0722:discrepancy-count;UCIA-0722:history;UCIA-0722:money-value;UCIA-0722:para-a;UCIA-0722:para-b;UCIA-0722:prior-screen;UCIA-0722:sector,evaluation,uci-audit-v1,1.0.0
UCIA-0723,723,9,55.57,0.71,0.25,0.96,5,0.0,2,0,0,2.0,0,uci_audit_office_post_audit_finding,not_flagged,borderline,UCIA-0723:discrepancy-count;UCIA-0723:history;UCIA-0723:money-value;UCIA-0723:para-a;UCIA-0723:para-b;UCIA-0723:prior-screen;UCIA-0723:sector,development,uci-audit-v1,1.0.0
UCIA-0724,724,32,55.57,0.0,8.49,8.49,5,0.43,2,0,1,3.2,1,uci_audit_office_post_audit_finding,unplanned_para_discrepancy,standard,UCIA-0724:discrepancy-count;UCIA-0724:history;UCIA-0724:money-value;UCIA-0724:para-a;UCIA-0724:para-b;UCIA-0724:prior-screen;UCIA-0724:sector,development,uci-audit-v1,1.0.0
UCIA-0725,725,32,55.57,1.6,0.0,1.6,5,0.0,2,0,1,2.2,0,uci_audit_office_post_audit_finding,cleared_after_flag,hard,UCIA-0725:discrepancy-count;UCIA-0725:history;UCIA-0725:money-value;UCIA-0725:para-a;UCIA-0725:para-b;UCIA-0725:prior-screen;UCIA-0725:sector,evaluation,uci-audit-v1,1.0.0
UCIA-0726,726,32,55.57,0.3,0.0023,0.3023,5,0.0,2,0,0,2.0,0,uci_audit_office_post_audit_finding,not_flagged,easy,UCIA-0726:discrepancy-count;UCIA-0726:history;UCIA-0726:money-value;UCIA-0726:para-a;UCIA-0726:para-b;UCIA-0726:prior-screen;UCIA-0726:sector,evaluation,uci-audit-v1,1.0.0
UCIA-0727,727,16,55.57,0.47,0.46,0.93,5,0.42,2,0,0,2.0,0,uci_audit_office_post_audit_finding,not_flagged,easy,UCIA-0727:discrepancy-count;UCIA-0727:history;UCIA-0727:money-value;UCIA-0727:para-a;UCIA-0727:para-b;UCIA-0727:prior-screen;UCIA-0727:sector,evaluation,uci-audit-v1,1.0.0
UCIA-0728,728,16,55.57,0.0,0.0,0.0,5,0.02,2,0,0,2.0,0,uci_audit_office_post_audit_finding,not_flagged,easy,UCIA-0728:discrepancy-count;UCIA-0728:history;UCIA-0728:money-value;UCIA-0728:para-a;UCIA-0728:para-b;UCIA-0728:prior-screen;UCIA-0728:sector,development,uci-audit-v1,1.0.0
UCIA-0729,729,16,55.57,1.19,0.0,1.19,5,0.0,2,0,1,2.2,0,uci_audit_office_post_audit_finding,cleared_after_flag,hard,UCIA-0729:discrepancy-count;UCIA-0729:history;UCIA-0729:money-value;UCIA-0729:para-a;UCIA-0729:para-b;UCIA-0729:prior-screen;UCIA-0729:sector,development,uci-audit-v1,1.0.0
UCIA-0730,730,16,55.57,0.0,1.29,1.29,5,0.0,2,0,1,2.6,0,uci_audit_office_post_audit_finding,cleared_after_flag,hard,UCIA-0730:discrepancy-count;UCIA-0730:history;UCIA-0730:money-value;UCIA-0730:para-a;UCIA-0730:para-b;UCIA-0730:prior-screen;UCIA-0730:sector,development,uci-audit-v1,1.0.0
UCIA-0731,731,16,55.57,0.7,0.79,1.49,5,1.91,2,0,1,2.4,0,uci_audit_office_post_audit_finding,cleared_after_flag,hard,UCIA-0731:discrepancy-count;UCIA-0731:history;UCIA-0731:money-value;UCIA-0731:para-a;UCIA-0731:para-b;UCIA-0731:prior-screen;UCIA-0731:sector,development,uci-audit-v1,1.0.0
UCIA-0732,732,22,55.57,0.83,0.0,0.83,5,0.14,2,0,0,2.0,0,uci_audit_office_post_audit_finding,not_flagged,borderline,UCIA-0732:discrepancy-count;UCIA-0732:history;UCIA-0732:money-value;UCIA-0732:para-a;UCIA-0732:para-b;UCIA-0732:prior-screen;UCIA-0732:sector,development,uci-audit-v1,1.0.0
UCIA-0733,733,16,55.57,0.74,0.0,0.74,5,2.4,2,0,0,2.0,0,uci_audit_office_post_audit_finding,not_flagged,borderline,UCIA-0733:discrepancy-count;UCIA-0733:history;UCIA-0733:money-value;UCIA-0733:para-a;UCIA-0733:para-b;UCIA-0733:prior-screen;UCIA-0733:sector,evaluation,uci-audit-v1,1.0.0
UCIA-0734,734,16,55.57,0.2,0.0,0.2,5,0.0,2,0,0,2.0,0,uci_audit_office_post_audit_finding,not_flagged,easy,UCIA-0734:discrepancy-count;UCIA-0734:history;UCIA-0734:money-value;UCIA-0734:para-a;UCIA-0734:para-b;UCIA-0734:prior-screen;UCIA-0734:sector,development,uci-audit-v1,1.0.0
UCIA-0735,735,15,55.57,1.4,0.06,1.46,5,0.0,2,0,1,2.2,0,uci_audit_office_post_audit_finding,cleared_after_flag,hard,UCIA-0735:discrepancy-count;UCIA-0735:history;UCIA-0735:money-value;UCIA-0735:para-a;UCIA-0735:para-b;UCIA-0735:prior-screen;UCIA-0735:sector,development,uci-audit-v1,1.0.0
UCIA-0736,736,15,55.57,0.4,0.0025,0.4025,5,0.0,2,0,0,2.0,0,uci_audit_office_post_audit_finding,not_flagged,easy,UCIA-0736:discrepancy-count;UCIA-0736:history;UCIA-0736:money-value;UCIA-0736:para-a;UCIA-0736:para-b;UCIA-0736:prior-screen;UCIA-0736:sector,evaluation,uci-audit-v1,1.0.0
UCIA-0737,737,15,55.57,0.85,1.0,1.85,5,0.4,2,0,1,2.6,0,uci_audit_office_post_audit_finding,cleared_after_flag,hard,UCIA-0737:discrepancy-count;UCIA-0737:history;UCIA-0737:money-value;UCIA-0737:para-a;UCIA-0737:para-b;UCIA-0737:prior-screen;UCIA-0737:sector,development,uci-audit-v1,1.0.0
UCIA-0738,738,15,55.57,0.0,0.88,0.88,5,0.07,2,0,0,2.0,0,uci_audit_office_post_audit_finding,not_flagged,easy,UCIA-0738:discrepancy-count;UCIA-0738:history;UCIA-0738:money-value;UCIA-0738:para-a;UCIA-0738:para-b;UCIA-0738:prior-screen;UCIA-0738:sector,development,uci-audit-v1,1.0.0
UCIA-0739,739,15,55.57,0.0,0.0,0.0,5,0.0,2,0,0,2.0,0,uci_audit_office_post_audit_finding,not_flagged,easy,UCIA-0739:discrepancy-count;UCIA-0739:history;UCIA-0739:money-value;UCIA-0739:para-a;UCIA-0739:para-b;UCIA-0739:prior-screen;UCIA-0739:sector,development,uci-audit-v1,1.0.0
UCIA-0740,740,15,55.57,1.12,0.0,1.12,5,0.0,2,0,1,2.2,0,uci_audit_office_post_audit_finding,cleared_after_flag,hard,UCIA-0740:discrepancy-count;UCIA-0740:history;UCIA-0740:money-value;UCIA-0740:para-a;UCIA-0740:para-b;UCIA-0740:prior-screen;UCIA-0740:sector,development,uci-audit-v1,1.0.0
UCIA-0741,741,15,55.57,1.28,0.0,1.28,5,0.0,2,0,1,2.2,0,uci_audit_office_post_audit_finding,cleared_after_flag,hard,UCIA-0741:discrepancy-count;UCIA-0741:history;UCIA-0741:money-value;UCIA-0741:para-a;UCIA-0741:para-b;UCIA-0741:prior-screen;UCIA-0741:sector,development,uci-audit-v1,1.0.0
UCIA-0742,742,15,55.57,0.0,0.0,0.0,5,0.0,2,0,0,2.0,0,uci_audit_office_post_audit_finding,not_flagged,easy,UCIA-0742:discrepancy-count;UCIA-0742:history;UCIA-0742:money-value;UCIA-0742:para-a;UCIA-0742:para-b;UCIA-0742:prior-screen;UCIA-0742:sector,development,uci-audit-v1,1.0.0
UCIA-0743,743,13,55.57,0.0,1.16,1.16,5,0.0,2,0,1,2.6,0,uci_audit_office_post_audit_finding,cleared_after_flag,hard,UCIA-0743:discrepancy-count;UCIA-0743:history;UCIA-0743:money-value;UCIA-0743:para-a;UCIA-0743:para-b;UCIA-0743:prior-screen;UCIA-0743:sector,evaluation,uci-audit-v1,1.0.0
UCIA-0744,744,13,55.57,0.1,0.0,0.1,5,0.0,2,0,0,2.0,0,uci_audit_office_post_audit_finding,not_flagged,easy,UCIA-0744:discrepancy-count;UCIA-0744:history;UCIA-0744:money-value;UCIA-0744:para-a;UCIA-0744:para-b;UCIA-0744:prior-screen;UCIA-0744:sector,development,uci-audit-v1,1.0.0
UCIA-0745,745,13,55.57,1.06,1.6,2.66,5,16.09,2,0,1,3.2,1,uci_audit_office_post_audit_finding,misstatement_value,borderline,UCIA-0745:discrepancy-count;UCIA-0745:history;UCIA-0745:money-value;UCIA-0745:para-a;UCIA-0745:para-b;UCIA-0745:prior-screen;UCIA-0745:sector,evaluation,uci-audit-v1,1.0.0
UCIA-0746,746,13,55.57,0.25,0.0017,0.2517,5,0.0,2,0,0,2.0,0,uci_audit_office_post_audit_finding,not_flagged,easy,UCIA-0746:discrepancy-count;UCIA-0746:history;UCIA-0746:money-value;UCIA-0746:para-a;UCIA-0746:para-b;UCIA-0746:prior-screen;UCIA-0746:sector,development,uci-audit-v1,1.0.0
UCIA-0747,747,13,55.57,0.31,0.0015,0.3115,5,0.0,2,0,0,2.0,0,uci_audit_office_post_audit_finding,not_flagged,easy,UCIA-0747:discrepancy-count;UCIA-0747:history;UCIA-0747:money-value;UCIA-0747:para-a;UCIA-0747:para-b;UCIA-0747:prior-screen;UCIA-0747:sector,evaluation,uci-audit-v1,1.0.0
UCIA-0748,748,13,55.57,0.0,0.0,0.0,5,0.0,2,0,0,2.0,0,uci_audit_office_post_audit_finding,not_flagged,easy,UCIA-0748:discrepancy-count;UCIA-0748:history;UCIA-0748:money-value;UCIA-0748:para-a;UCIA-0748:para-b;UCIA-0748:prior-screen;UCIA-0748:sector,development,uci-audit-v1,1.0.0
UCIA-0749,749,13,55.57,0.84,0.0,0.84,5,0.0,2,0,0,2.0,0,uci_audit_office_post_audit_finding,not_flagged,borderline,UCIA-0749:discrepancy-count;UCIA-0749:history;UCIA-0749:money-value;UCIA-0749:para-a;UCIA-0749:para-b;UCIA-0749:prior-screen;UCIA-0749:sector,development,uci-audit-v1,1.0.0
UCIA-0750,750,13,55.57,1.09,0.0,1.09,5,0.0,2,0,1,2.2,0,uci_audit_office_post_audit_finding,cleared_after_flag,hard,UCIA-0750:discrepancy-count;UCIA-0750:history;UCIA-0750:money-value;UCIA-0750:para-a;UCIA-0750:para-b;UCIA-0750:prior-screen;UCIA-0750:sector,evaluation,uci-audit-v1,1.0.0
UCIA-0751,751,13,55.57,1.29,0.0,1.29,5,0.0,2,0,1,2.2,0,uci_audit_office_post_audit_finding,cleared_after_flag,hard,UCIA-0751:discrepancy-count;UCIA-0751:history;UCIA-0751:money-value;UCIA-0751:para-a;UCIA-0751:para-b;UCIA-0751:prior-screen;UCIA-0751:sector,evaluation,uci-audit-v1,1.0.0
UCIA-0752,752,13,55.57,0.51,0.37,0.88,5,0.0,2,0,0,2.0,0,uci_audit_office_post_audit_finding,not_flagged,easy,UCIA-0752:discrepancy-count;UCIA-0752:history;UCIA-0752:money-value;UCIA-0752:para-a;UCIA-0752:para-b;UCIA-0752:prior-screen;UCIA-0752:sector,evaluation,uci-audit-v1,1.0.0
UCIA-0753,753,21,55.57,0.09,0.0,0.09,5,0.0,2,0,0,2.0,0,uci_audit_office_post_audit_finding,not_flagged,easy,UCIA-0753:discrepancy-count;UCIA-0753:history;UCIA-0753:money-value;UCIA-0753:para-a;UCIA-0753:para-b;UCIA-0753:prior-screen;UCIA-0753:sector,development,uci-audit-v1,1.0.0
UCIA-0754,754,18,55.57,0.39,0.91,1.3,5,0.0,2,0,0,2.0,0,uci_audit_office_post_audit_finding,not_flagged,easy,UCIA-0754:discrepancy-count;UCIA-0754:history;UCIA-0754:money-value;UCIA-0754:para-a;UCIA-0754:para-b;UCIA-0754:prior-screen;UCIA-0754:sector,evaluation,uci-audit-v1,1.0.0
UCIA-0755,755,21,55.57,1.07,0.0,1.07,5,0.0,2,0,1,2.2,0,uci_audit_office_post_audit_finding,cleared_after_flag,hard,UCIA-0755:discrepancy-count;UCIA-0755:history;UCIA-0755:money-value;UCIA-0755:para-a;UCIA-0755:para-b;UCIA-0755:prior-screen;UCIA-0755:sector,development,uci-audit-v1,1.0.0
UCIA-0756,756,25,55.57,0.0,0.0,0.0,5,0.0,2,0,0,2.0,0,uci_audit_office_post_audit_finding,not_flagged,easy,UCIA-0756:discrepancy-count;UCIA-0756:history;UCIA-0756:money-value;UCIA-0756:para-a;UCIA-0756:para-b;UCIA-0756:prior-screen;UCIA-0756:sector,evaluation,uci-audit-v1,1.0.0
UCIA-0757,757,32,55.57,0.5,2.97,3.47,5,0.18,2,0,1,3.2,0,uci_audit_office_post_audit_finding,cleared_after_flag,hard,UCIA-0757:discrepancy-count;UCIA-0757:history;UCIA-0757:money-value;UCIA-0757:para-a;UCIA-0757:para-b;UCIA-0757:prior-screen;UCIA-0757:sector,development,uci-audit-v1,1.0.0
UCIA-0758,758,22,55.57,0.49,0.55,1.04,5,0.0,2,0,0,2.0,0,uci_audit_office_post_audit_finding,not_flagged,easy,UCIA-0758:discrepancy-count;UCIA-0758:history;UCIA-0758:money-value;UCIA-0758:para-a;UCIA-0758:para-b;UCIA-0758:prior-screen;UCIA-0758:sector,development,uci-audit-v1,1.0.0
UCIA-0759,759,14,55.57,0.84,0.65,1.49,5,0.0,2,0,0,2.0,0,uci_audit_office_post_audit_finding,not_flagged,borderline,UCIA-0759:discrepancy-count;UCIA-0759:history;UCIA-0759:money-value;UCIA-0759:para-a;UCIA-0759:para-b;UCIA-0759:prior-screen;UCIA-0759:sector,development,uci-audit-v1,1.0.0
UCIA-0760,760,12,55.57,0.9,1.11,2.01,5,0.0,2,0,1,2.6,0,uci_audit_office_post_audit_finding,cleared_after_flag,hard,UCIA-0760:discrepancy-count;UCIA-0760:history;UCIA-0760:money-value;UCIA-0760:para-a;UCIA-0760:para-b;UCIA-0760:prior-screen;UCIA-0760:sector,development,uci-audit-v1,1.0.0
UCIA-0761,761,12,55.57,0.0,0.0,0.0,5,0.0,2,0,0,2.0,0,uci_audit_office_post_audit_finding,not_flagged,easy,UCIA-0761:discrepancy-count;UCIA-0761:history;UCIA-0761:money-value;UCIA-0761:para-a;UCIA-0761:para-b;UCIA-0761:prior-screen;UCIA-0761:sector,development,uci-audit-v1,1.0.0
UCIA-0762,762,14,55.57,0.59,0.0,0.59,5,0.0,2,0,0,2.0,0,uci_audit_office_post_audit_finding,not_flagged,easy,UCIA-0762:discrepancy-count;UCIA-0762:history;UCIA-0762:money-value;UCIA-0762:para-a;UCIA-0762:para-b;UCIA-0762:prior-screen;UCIA-0762:sector,development,uci-audit-v1,1.0.0
UCIA-0763,763,36,55.57,0.02,0.0,0.02,5,0.0,2,0,0,2.0,0,uci_audit_office_post_audit_finding,not_flagged,easy,UCIA-0763:discrepancy-count;UCIA-0763:history;UCIA-0763:money-value;UCIA-0763:para-a;UCIA-0763:para-b;UCIA-0763:prior-screen;UCIA-0763:sector,evaluation,uci-audit-v1,1.0.0
UCIA-0764,764,14,55.57,1.48,4.48,5.96,5,0.0,2,0,1,3.4,0,uci_audit_office_post_audit_finding,cleared_after_flag,hard,UCIA-0764:discrepancy-count;UCIA-0764:history;UCIA-0764:money-value;UCIA-0764:para-a;UCIA-0764:para-b;UCIA-0764:prior-screen;UCIA-0764:sector,evaluation,uci-audit-v1,1.0.0
UCIA-0765,765,22,55.57,0.0,3.3,3.3,5,0.0,2,0,1,3.2,0,uci_audit_office_post_audit_finding,cleared_after_flag,hard,UCIA-0765:discrepancy-count;UCIA-0765:history;UCIA-0765:money-value;UCIA-0765:para-a;UCIA-0765:para-b;UCIA-0765:prior-screen;UCIA-0765:sector,development,uci-audit-v1,1.0.0
UCIA-0766,766,8,55.57,0.8,0.57,1.37,5,0.0,2,0,0,2.0,0,uci_audit_office_post_audit_finding,not_flagged,borderline,UCIA-0766:discrepancy-count;UCIA-0766:history;UCIA-0766:money-value;UCIA-0766:para-a;UCIA-0766:para-b;UCIA-0766:prior-screen;UCIA-0766:sector,evaluation,uci-audit-v1,1.0.0
UCIA-0767,767,18,55.57,0.36,0.54,0.9,5,0.21,2,0,0,2.0,0,uci_audit_office_post_audit_finding,not_flagged,easy,UCIA-0767:discrepancy-count;UCIA-0767:history;UCIA-0767:money-value;UCIA-0767:para-a;UCIA-0767:para-b;UCIA-0767:prior-screen;UCIA-0767:sector,development,uci-audit-v1,1.0.0
UCIA-0768,768,9,55.57,0.44,0.53,0.97,5,0.0,2,0,0,2.0,0,uci_audit_office_post_audit_finding,not_flagged,easy,UCIA-0768:discrepancy-count;UCIA-0768:history;UCIA-0768:money-value;UCIA-0768:para-a;UCIA-0768:para-b;UCIA-0768:prior-screen;UCIA-0768:sector,evaluation,uci-audit-v1,1.0.0
UCIA-0769,769,16,55.57,0.51,0.5,1.01,5,0.09,2,0,0,2.0,0,uci_audit_office_post_audit_finding,not_flagged,easy,UCIA-0769:discrepancy-count;UCIA-0769:history;UCIA-0769:money-value;UCIA-0769:para-a;UCIA-0769:para-b;UCIA-0769:prior-screen;UCIA-0769:sector,evaluation,uci-audit-v1,1.0.0
UCIA-0770,770,18,55.57,0.75,0.45,1.2,5,0.0,2,0,0,2.0,0,uci_audit_office_post_audit_finding,not_flagged,borderline,UCIA-0770:discrepancy-count;UCIA-0770:history;UCIA-0770:money-value;UCIA-0770:para-a;UCIA-0770:para-b;UCIA-0770:prior-screen;UCIA-0770:sector,evaluation,uci-audit-v1,1.0.0
UCIA-0771,771,9,55.57,0.49,0.4,0.89,5,0.0,2,0,0,2.0,0,uci_audit_office_post_audit_finding,not_flagged,easy,UCIA-0771:discrepancy-count;UCIA-0771:history;UCIA-0771:money-value;UCIA-0771:para-a;UCIA-0771:para-b;UCIA-0771:prior-screen;UCIA-0771:sector,evaluation,uci-audit-v1,1.0.0
UCIA-0772,772,16,55.57,0.47,0.37,0.84,5,0.0,2,0,0,2.0,0,uci_audit_office_post_audit_finding,not_flagged,easy,UCIA-0772:discrepancy-count;UCIA-0772:history;UCIA-0772:money-value;UCIA-0772:para-a;UCIA-0772:para-b;UCIA-0772:prior-screen;UCIA-0772:sector,development,uci-audit-v1,1.0.0
UCIA-0773,773,14,55.57,0.24,0.04,0.28,5,0.0,2,0,0,2.0,0,uci_audit_office_post_audit_finding,not_flagged,easy,UCIA-0773:discrepancy-count;UCIA-0773:history;UCIA-0773:money-value;UCIA-0773:para-a;UCIA-0773:para-b;UCIA-0773:prior-screen;UCIA-0773:sector,evaluation,uci-audit-v1,1.0.0
UCIA-0774,774,18,55.57,0.2,0.0,0.2,5,0.0,2,0,0,2.0,0,uci_audit_office_post_audit_finding,not_flagged,easy,UCIA-0774:discrepancy-count;UCIA-0774:history;UCIA-0774:money-value;UCIA-0774:para-a;UCIA-0774:para-b;UCIA-0774:prior-screen;UCIA-0774:sector,development,uci-audit-v1,1.0.0
UCIA-0775,775,15,55.57,0.0,0.0,0.0,5,0.32,2,0,0,2.0,0,uci_audit_office_post_audit_finding,not_flagged,easy,UCIA-0775:discrepancy-count;UCIA-0775:history;UCIA-0775:money-value;UCIA-0775:para-a;UCIA-0775:para-b;UCIA-0775:prior-screen;UCIA-0775:sector,evaluation,uci-audit-v1,1.0.0
